Albany,2019,416,98,673,586
Allegany,2019,33,15,60,159
Bronx,2019,2798,117,4105,756
Broome,2019,291,60,657,360
Cattaraugus,2019,130,55,162,282
Cayuga,2019,66,25,62,135
Chautauqua,2019,206,58,464,419
Chemung,2019,102,55,358,207
Chenango,2019,38,17,83,81
Clinton,2019,111,56,116,273
Columbia,2019,85,34,329,206
Cortland,2019,33,33,125,179
Delaware,2019,43,26,85,125
Dutchess,2019,215,154,597,900
Erie,2019,1282,330,2806,1803
Essex,2019,21,25,67,164
Franklin,2019,96,23,110,130
Fulton,2019,62,29,133,154
Genesee,2019,43,40,95,198
Greene,2019,79,48,208,317
Hamilton,2019,0,1,1,18
Herkimer,2019,17,41,76,188
Jefferson,2019,84,43,115,290
Kings,2019,2921,196,2925,1118
Lewis,2019,35,16,26,84
Livingston,2019,88,51,112,165
Madison,2019,34,35,98,147
Monroe,2019,576,412,528,1590
Montgomery,2019,75,26,123,133
Nassau,2019,811,269,4061,1762
New York,2019,1783,69,4471,954
Niagara,2019,188,81,431,515
Oneida,2019,155,78,442,375
Onondaga,2019,414,169,833,1046
Ontario,2019,150,76,289,299
Orange,2019,480,211,1124,1207
Orleans,2019,51,23,72,95
Oswego,2019,64,42,230,276
Otsego,2019,37,37,89,153
Putnam,2019,50,53,212,381
Queens,2019,1532,228,1581,1270
Rensselaer,2019,193,69,298,350
Richmond,2019,424,77,574,554
Rockland,2019,144,76,319,482
Saratoga,2019,143,106,410,651
Schenectady,2019,243,56,201,277
Schoharie,2019,11,20,18,52
Schuyler,2019,8,11,28,55
Seneca,2019,36,32,41,68
Steuben,2019,219,69,233,280
St. Lawrence,2019,149,44,192,301
Suffolk,2019,817,419,3457,2472
Sullivan,2019,91,53,337,243
Tioga,2019,44,19,91,81
Tompkins,2019,30,30,91,144
Ulster,2019,155,114,396,674
Unknown-NonNYS,2019,11,0,1,1
Warren,2019,79,47,189,233
Washington,2019,50,33,180,145
Wayne,2019,49,41,55,178
Westchester,2019,715,214,1561,1732
Wyoming,2019,27,64,75,207
Yates,2019,6,6,28,58
Albany,2018,517,137,825,810
Allegany,2018,45,33,52,120
Bronx,2018,3074,141,5939,954
Broome,2018,267,71,776,424
Cattaraugus,2018,174,58,149,268
Cayuga,2018,39,25,82,166
Chautauqua,2018,156,74,485,416
Chemung,2018,121,49,296,229
Chenango,2018,62,25,77,122
Clinton,2018,132,57,145,319
Columbia,2018,83,36,288,196
Cortland,2018,60,19,182,154
Delaware,2018,59,23,96,112
Dutchess,2018,219,126,610,864
Erie,2018,1226,328,3063,1743
Essex,2018,24,28,95,165
Franklin,2018,108,23,93,162
Fulton,2018,73,32,124,167
Genesee,2018,28,56,88,241
Greene,2018,120,64,232,305
Hamilton,2018,3,1,5,5
Herkimer,2018,19,34,105,199
Jefferson,2018,140,55,122,343
Kings,2018,3288,212,6618,1280
Lewis,2018,21,7,12,71
Livingston,2018,68,46,174,207
Madison,2018,76,32,122,165
Monroe,2018,606,407,779,1650
Montgomery,2018,51,26,114,127
Nassau,2018,992,298,5282,1817
New York,2018,2323,102,5939,1222
Niagara,2018,186,85,435,555
Oneida,2018,184,81,547,331
Onondaga,2018,537,184,1372,1138
Ontario,2018,133,64,181,287
Orange,2018,705,220,1489,1213
Orleans,2018,42,19,40,102
Oswego,2018,79,65,282,324
Otsego,2018,70,26,96,159
Putnam,2018,93,35,244,382
Queens,2018,1892,245,2971,1474
Rensselaer,2018,177,76,275,368
Richmond,2018,521,69,1185,618
Rockland,2018,106,76,373,550
Saratoga,2018,180,128,487,749
Schenectady,2018,231,53,263,248
Schoharie,2018,5,15,27,63
Schuyler,2018,21,22,30,75
Seneca,2018,40,40,44,87
Steuben,2018,218,66,228,287
St. Lawrence,2018,144,39,259,261
Suffolk,2018,893,407,4406,2516
Sullivan,2018,93,39,386,252
Tioga,2018,47,25,110,97
Tompkins,2018,48,30,129,157
Ulster,2018,219,129,641,648
Unknown-NonNYS,2018,9,0,4,1
Warren,2018,81,40,224,291
Washington,2018,49,46,196,205
Wayne,2018,44,62,112,189
Westchester,2018,724,210,2097,1543
Wyoming,2018,50,41,69,210
Yates,2018,16,17,28,55
Albany,2017,631,174,897,978
Allegany,2017,42,29,57,153
Bronx,2017,3793,136,8238,980
Broome,2017,262,66,967,374
Cattaraugus,2017,113,60,123,315
Cayuga,2017,53,37,56,167
Chautauqua,2017,256,72,440,482
Chemung,2017,102,53,252,214
Chenango,2017,63,14,57,82
Clinton,2017,103,66,132,314
Columbia,2017,74,28,215,191
Cortland,2017,87,34,167,134
Delaware,2017,68,31,101,105
Dutchess,2017,258,132,686,1002
Erie,2017,1016,317,3013,1921
Essex,2017,37,23,65,122
Franklin,2017,96,31,100,156
Fulton,2017,49,29,79,142
Genesee,2017,62,38,104,210
Greene,2017,92,43,208,325
Hamilton,2017,1,5,7,10
Herkimer,2017,23,35,74,151
Jefferson,2017,128,70,148,319
Kings,2017,3745,290,10197,1456
Lewis,2017,53,12,21,57
Livingston,2017,51,56,169,205
Madison,2017,36,17,97,127
Monroe,2017,623,412,889,1734
Montgomery,2017,64,28,112,120
Nassau,2017,1081,277,4535,1880
New York,2017,3156,99,10435,1345
Niagara,2017,238,79,470,605
Oneida,2017,325,57,623,502
Onondaga,2017,499,188,1477,1070
Ontario,2017,95,79,152,294
Orange,2017,588,210,1694,1183
Orleans,2017,51,27,57,149
Oswego,2017,84,52,182,354
Otsego,2017,45,26,89,180
Putnam,2017,108,66,299,411
Queens,2017,1814,274,5247,1713
Rensselaer,2017,192,66,347,406
Richmond,2017,636,80,1466,638
Rockland,2017,124,82,375,606
Saratoga,2017,132,137,453,891
Schenectady,2017,287,50,221,256
Schoharie,2017,11,15,29,55
Schuyler,2017,24,14,23,62
Seneca,2017,33,28,52,112
Steuben,2017,148,58,184,257
St. Lawrence,2017,145,39,272,273
Suffolk,2017,895,510,4373,2767
Sullivan,2017,76,64,336,322
Tioga,2017,34,25,110,112
Tompkins,2017,45,29,98,176
Ulster,2017,229,121,667,721
Unknown-NonNYS,2017,8,1,3,1
Warren,2017,85,32,185,259
Washington,2017,44,48,153,198
Wayne,2017,44,68,115,224
Westchester,2017,605,228,1702,1545
Wyoming,2017,41,38,70,177
Yates,2017,20,9,31,59
Albany,2016,622,161,720,1076
Allegany,2016,44,36,48,190
Bronx,2016,4471,132,9119,1071
Broome,2016,240,84,774,344
Cattaraugus,2016,109,64,74,293
Cayuga,2016,50,38,74,173
Chautauqua,2016,197,83,328,510
Chemung,2016,87,51,230,233
Chenango,2016,41,12,55,97
Clinton,2016,108,47,173,381
Columbia,2016,32,38,153,155
Cortland,2016,97,38,118,131
Delaware,2016,94,20,85,144
Dutchess,2016,232,181,552,948
Erie,2016,1001,309,3112,1960
Essex,2016,40,22,60,148
Franklin,2016,99,31,80,166
Fulton,2016,53,31,53,155
Genesee,2016,58,33,97,189
Greene,2016,63,38,162,275
Hamilton,2016,1,0,8,24
Herkimer,2016,15,37,59,156
Jefferson,2016,129,54,144,374
Kings,2016,3548,305,9672,1528
Lewis,2016,34,23,28,79
Livingston,2016,72,54,182,215
Madison,2016,44,27,104,146
Monroe,2016,554,423,855,1873
Montgomery,2016,59,32,97,153
Nassau,2016,1115,289,3781,2008
New York,2016,3911,112,11861,1419
Niagara,2016,198,95,487,603
Oneida,2016,308,57,532,557
Onondaga,2016,570,206,1220,1132
Ontario,2016,65,77,103,312
Orange,2016,509,178,1534,1096
Orleans,2016,51,23,45,118
Oswego,2016,119,57,209,366
Otsego,2016,66,37,100,184
Putnam,2016,82,41,224,445
Queens,2016,1877,327,5273,1834
Rensselaer,2016,160,58,326,444
Richmond,2016,725,71,1793,642
Rockland,2016,111,79,338,596
Saratoga,2016,175,127,387,822
Schenectady,2016,295,54,248,259
Schoharie,2016,8,21,29,92
Schuyler,2016,36,13,19,64
Seneca,2016,58,41,55,122
Steuben,2016,125,83,137,301
St. Lawrence,2016,87,56,222,299
Suffolk,2016,786,488,3820,3082
Sullivan,2016,74,61,253,252
Tioga,2016,21,27,63,120
Tompkins,2016,67,41,137,259
Ulster,2016,211,112,565,708
Unknown-NonNYS,2016,17,2,3,3
Warren,2016,82,40,136,244
Washington,2016,54,22,127,201
Wayne,2016,43,50,94,238
Westchester,2016,773,225,1614,1725
Wyoming,2016,60,19,42,90
Yates,2016,36,11,19,56
Albany,2015,509,161,692,1173
Allegany,2015,33,38,43,136
Bronx,2015,4333,156,10988,921
Broome,2015,216,91,566,336
Cattaraugus,2015,103,47,78,274
Cayuga,2015,68,27,85,193
Chautauqua,2015,180,90,246,504
Chemung,2015,94,55,208,217
Chenango,2015,51,18,58,105
Clinton,2015,113,53,129,345
Columbia,2015,43,38,137,153
Cortland,2015,61,32,113,149
Delaware,2015,32,28,64,144
Dutchess,2015,182,160,450,913
Erie,2015,869,364,3386,1976
Essex,2015,36,19,46,133
Franklin,2015,56,40,48,193
Fulton,2015,42,41,60,186
Genesee,2015,45,41,114,209
Greene,2015,76,44,142,313
Hamilton,2015,2,2,3,19
Herkimer,2015,39,43,76,190
Jefferson,2015,110,45,117,342
Kings,2015,3936,236,10520,1556
Lewis,2015,24,14,17,51
Livingston,2015,60,52,158,225
Madison,2015,45,37,79,171
Monroe,2015,530,430,769,1893
Montgomery,2015,56,28,70,124
Nassau,2015,811,291,2794,2095
New York,2015,3924,103,11103,1528
Niagara,2015,220,107,352,607
Oneida,2015,264,85,463,509
Onondaga,2015,557,172,1149,956
Ontario,2015,74,81,108,359
Orange,2015,502,234,1319,1112
Orleans,2015,40,20,45,99
Oswego,2015,157,55,195,371
Otsego,2015,55,37,89,205
Putnam,2015,66,42,177,341
Queens,2015,2211,268,5795,1952
Rensselaer,2015,147,68,248,452
Richmond,2015,709,76,1508,546
Rockland,2015,150,99,373,708
Saratoga,2015,125,119,303,713
Schenectady,2015,293,50,284,273
Schoharie,2015,8,15,18,126
Schuyler,2015,21,16,18,55
Seneca,2015,29,40,40,123
Steuben,2015,119,75,181,312
St. Lawrence,2015,160,43,196,325
Suffolk,2015,775,564,4308,3185
Sullivan,2015,82,43,264,292
Tioga,2015,35,25,70,103
Tompkins,2015,60,46,107,260
Ulster,2015,190,132,494,772
Unknown-NonNYS,2015,12,0,3,6
Warren,2015,69,55,122,258
Washington,2015,55,40,127,212
Wayne,2015,68,67,82,230
Westchester,2015,752,220,1783,1465
Wyoming,2015,42,27,46,113
Yates,2015,19,19,21,62
Albany,2014,569,141,854,953
Allegany,2014,47,20,49,158
Bronx,2014,5140,185,14486,1320
Broome,2014,211,88,538,458
Cattaraugus,2014,106,66,131,220
Cayuga,2014,82,26,125,217
Chautauqua,2014,202,78,231,526
Chemung,2014,103,67,232,301
Chenango,2014,48,19,85,100
Clinton,2014,139,44,142,269
Columbia,2014,42,44,163,215
Cortland,2014,95,34,106,178
Delaware,2014,53,27,65,130
Dutchess,2014,201,173,554,939
Erie,2014,970,428,3695,2298
Essex,2014,60,24,45,110
Franklin,2014,116,31,83,198
Fulton,2014,26,43,64,189
Genesee,2014,32,45,68,200
Greene,2014,89,37,148,228
Hamilton,2014,0,2,6,24
Herkimer,2014,29,34,68,188
Jefferson,2014,113,51,105,424
Kings,2014,4405,236,15029,2143
Lewis,2014,30,11,18,65
Livingston,2014,66,58,121,183
Madison,2014,45,38,66,182
Monroe,2014,465,406,809,1928
Montgomery,2014,61,23,78,123
Nassau,2014,742,285,2112,2081
New York,2014,4360,121,13772,1997
Niagara,2014,205,101,346,583
Oneida,2014,209,76,408,597
Onondaga,2014,531,128,998,1088
Ontario,2014,59,84,96,364
Orange,2014,531,212,1275,1211
Orleans,2014,64,17,25,81
Oswego,2014,121,61,182,371
Otsego,2014,79,34,85,224
Putnam,2014,86,47,177,346
Queens,2014,2188,330,8238,2548
Rensselaer,2014,138,73,260,427
Richmond,2014,771,56,2430,522
Rockland,2014,192,87,434,612
Saratoga,2014,151,119,322,757
Schenectady,2014,281,45,206,229
Schoharie,2014,14,10,42,72
Schuyler,2014,9,14,12,54
Seneca,2014,43,31,47,136
Steuben,2014,73,66,148,288
St. Lawrence,2014,99,56,164,335
Suffolk,2014,754,510,4418,3093
Sullivan,2014,81,41,311,269
Tioga,2014,41,23,62,116
Tompkins,2014,45,44,75,313
Ulster,2014,338,131,547,737
Unknown-NonNYS,2014,15,0,4,4
Warren,2014,92,46,100,268
Washington,2014,55,25,96,188
Wayne,2014,33,69,67,281
Westchester,2014,1103,251,2077,1675
Wyoming,2014,32,28,46,128
Yates,2014,11,17,21,88
Albany,2013,516,137,1222,909
Allegany,2013,41,24,59,144
Bronx,2013,5820,155,14644,1388
Broome,2013,188,96,508,473
Cattaraugus,2013,83,55,129,259
Cayuga,2013,106,32,102,171
Chautauqua,2013,175,86,220,542
Chemung,2013,109,66,214,349
Chenango,2013,31,34,87,141
Clinton,2013,158,44,131,314
Columbia,2013,64,34,168,183
Cortland,2013,68,28,72,249
Delaware,2013,63,27,77,150
Dutchess,2013,193,155,469,915
Erie,2013,1047,446,3885,2386
Essex,2013,28,24,39,129
Franklin,2013,75,40,41,206
Fulton,2013,46,36,53,187
Genesee,2013,27,60,74,206
Greene,2013,83,56,109,221
Hamilton,2013,0,1,5,23
Herkimer,2013,25,50,43,216
Jefferson,2013,144,52,93,418
Kings,2013,4865,256,16263,2213
Lewis,2013,17,11,25,57
Livingston,2013,57,55,122,203
Madison,2013,25,37,52,187
Monroe,2013,576,414,1102,1947
Montgomery,2013,105,27,65,160
Nassau,2013,783,266,2229,1907
New York,2013,5105,115,14151,2163
Niagara,2013,265,112,376,637
Oneida,2013,199,77,402,614
Onondaga,2013,614,166,939,1270
Ontario,2013,86,106,101,384
Orange,2013,465,192,1193,1035
Orleans,2013,41,27,41,128
Oswego,2013,144,57,171,346
Otsego,2013,72,36,70,218
Putnam,2013,103,53,198,429
Queens,2013,2584,340,8299,2624
Rensselaer,2013,158,67,221,398
Richmond,2013,753,54,2224,571
Rockland,2013,220,89,330,606
Saratoga,2013,145,127,280,757
Schenectady,2013,226,44,190,305
Schoharie,2013,21,18,74,134
Schuyler,2013,16,18,7,70
Seneca,2013,54,27,30,133
Steuben,2013,141,63,112,313
St. Lawrence,2013,118,54,113,319
Suffolk,2013,711,541,4233,3561
Sullivan,2013,85,46,254,228
Tioga,2013,26,28,57,114
Tompkins,2013,32,42,76,260
Ulster,2013,271,133,458,787
Unknown-NonNYS,2013,12,1,2,4
Warren,2013,62,55,134,278
Washington,2013,47,21,83,181
Wayne,2013,31,72,69,244
Westchester,2013,1241,230,2787,1663
Wyoming,2013,41,38,62,132
Yates,2013,13,15,22,71
Albany,2012,513,157,1001,928
Allegany,2012,78,31,49,200
Bronx,2012,6416,86,18149,1041
Broome,2012,195,104,375,464
Cattaraugus,2012,64,67,59,277
Cayuga,2012,88,31,91,170
Chautauqua,2012,180,101,193,556
Chemung,2012,84,73,184,347
Chenango,2012,20,27,85,151
Clinton,2012,143,65,121,348
Columbia,2012,33,42,115,172
Cortland,2012,39,28,49,248
Delaware,2012,48,38,61,185
Dutchess,2012,217,151,489,979
Erie,2012,1151,506,3519,2359
Essex,2012,21,20,27,108
Franklin,2012,87,34,48,237
Fulton,2012,24,51,39,202
Genesee,2012,29,52,80,200
Greene,2012,64,50,137,238
Hamilton,2012,3,9,3,28
Herkimer,2012,25,42,66,217
Jefferson,2012,103,70,96,475
Kings,2012,5079,172,20918,1855
Lewis,2012,7,15,10,78
Livingston,2012,31,69,86,200
Madison,2012,33,38,86,224
Monroe,2012,577,425,1242,2019
Montgomery,2012,67,40,65,143
Nassau,2012,854,271,2010,2094
New York,2012,4783,111,16279,1853
Niagara,2012,186,125,348,666
Oneida,2012,238,104,620,629
Onondaga,2012,596,229,991,1403
Ontario,2012,64,72,67,335
Orange,2012,380,161,988,1015
Orleans,2012,51,30,25,128
Oswego,2012,99,48,168,348
Otsego,2012,81,40,98,281
Putnam,2012,109,56,246,397
Queens,2012,2297,245,8590,2480
Rensselaer,2012,179,91,218,463
Richmond,2012,647,25,2466,451
Rockland,2012,199,116,266,601
Saratoga,2012,123,107,244,720
Schenectady,2012,154,58,173,293
Schoharie,2012,19,15,40,112
Schuyler,2012,7,12,11,81
Seneca,2012,35,30,41,133
Steuben,2012,102,71,76,270
St. Lawrence,2012,114,59,114,416
Suffolk,2012,714,613,5080,3912
Sullivan,2012,76,66,323,258
Tioga,2012,21,30,49,97
Tompkins,2012,25,49,84,375
Ulster,2012,284,128,494,771
Unknown-NonNYS,2012,17,0,1,4
Warren,2012,82,69,89,338
Washington,2012,47,33,52,217
Wayne,2012,58,62,65,196
Westchester,2012,1265,233,2536,1717
Wyoming,2012,48,40,39,147
Yates,2012,13,20,11,92
Albany,2011,451,152,804,997
Allegany,2011,53,32,33,180
Bronx,2011,6914,74,21262,1023
Broome,2011,185,100,351,508
Cattaraugus,2011,87,94,62,349
Cayuga,2011,72,31,61,184
Chautauqua,2011,127,106,173,596
Chemung,2011,61,71,129,310
Chenango,2011,22,35,60,175
Clinton,2011,75,63,114,382
Columbia,2011,50,59,100,228
Cortland,2011,47,42,66,272
Delaware,2011,28,26,63,174
Dutchess,2011,198,180,462,1073
Erie,2011,1277,520,3198,2471
Essex,2011,40,25,34,152
Franklin,2011,67,38,61,233
Fulton,2011,29,50,55,179
Genesee,2011,60,55,80,262
Greene,2011,52,52,109,351
Hamilton,2011,2,5,4,32
Herkimer,2011,30,43,65,235
Jefferson,2011,113,55,91,539
Kings,2011,5733,143,25923,1592
Lewis,2011,10,18,11,68
Livingston,2011,26,57,60,244
Madison,2011,33,19,61,237
Monroe,2011,665,476,1041,2348
Montgomery,2011,74,51,79,199
Nassau,2011,696,306,1494,2158
New York,2011,4903,94,17869,1704
Niagara,2011,219,120,388,705
Oneida,2011,238,59,421,705
Onondaga,2011,472,218,883,1434
Ontario,2011,66,86,73,285
Orange,2011,354,200,919,1105
Orleans,2011,45,22,39,106
Oswego,2011,93,91,180,469
Otsego,2011,75,44,90,287
Putnam,2011,97,43,186,449
Queens,2011,2342,218,10376,2471
Rensselaer,2011,164,78,211,425
Richmond,2011,762,20,3021,496
Rockland,2011,270,111,245,621
Saratoga,2011,97,109,189,592
Schenectady,2011,152,71,168,438
Schoharie,2011,18,17,35,131
Schuyler,2011,28,18,12,70
Seneca,2011,26,28,34,108
Steuben,2011,76,91,69,309
St. Lawrence,2011,145,71,133,420
Suffolk,2011,908,602,4489,3885
Sullivan,2011,95,67,297,335
Tioga,2011,24,39,50,130
Tompkins,2011,30,46,82,255
Ulster,2011,151,155,421,961
Unknown-NonNYS,2011,16,1,3,6
Warren,2011,69,50,127,296
Washington,2011,31,43,52,211
Wayne,2011,48,93,94,269
Westchester,2011,1205,278,2267,1686
Wyoming,2011,34,32,39,127
Yates,2011,26,17,12,74
Albany,2010,491,176,766,1145
Allegany,2010,49,44,46,226
Bronx,2010,7411,73,22330,1215
Broome,2010,217,131,320,582
Cattaraugus,2010,43,84,58,305
Cayuga,2010,77,37,79,194
Chautauqua,2010,165,104,175,622
Chemung,2010,83,87,110,329
Chenango,2010,25,34,50,182
Clinton,2010,114,63,84,364
Columbia,2010,27,63,103,341
Cortland,2010,31,39,49,222
Delaware,2010,23,36,52,182
Dutchess,2010,193,243,412,1255
Erie,2010,1382,575,3342,2496
Essex,2010,35,26,34,204
Franklin,2010,75,42,48,219
Fulton,2010,42,44,31,219
Genesee,2010,33,56,79,307
Greene,2010,55,67,95,370
Hamilton,2010,3,4,7,36
Herkimer,2010,25,45,46,268
Jefferson,2010,106,95,109,523
Kings,2010,5766,159,25830,1917
Lewis,2010,12,14,6,106
Livingston,2010,44,64,88,246
Madison,2010,20,42,67,278
Monroe,2010,749,448,1091,2181
Montgomery,2010,49,45,40,208
Nassau,2010,960,325,1590,2621
New York,2010,5570,137,16939,2011
Niagara,2010,206,166,448,833
Oneida,2010,214,64,433,787
Onondaga,2010,486,228,863,1419
Ontario,2010,106,71,102,369
Orange,2010,423,261,1116,1348
Orleans,2010,77,40,35,150
Oswego,2010,48,90,94,464
Otsego,2010,73,67,84,355
Putnam,2010,90,56,181,441
Queens,2010,2456,242,10260,2657
Rensselaer,2010,150,101,169,564
Richmond,2010,865,14,2731,405
Rockland,2010,258,128,268,810
Saratoga,2010,111,148,233,730
Schenectady,2010,199,80,169,360
Schoharie,2010,23,24,46,162
Schuyler,2010,10,17,10,67
Seneca,2010,14,31,28,105
Steuben,2010,62,78,91,303
St. Lawrence,2010,107,74,88,406
Suffolk,2010,890,580,4151,3442
Sullivan,2010,64,88,236,427
Tioga,2010,26,26,46,158
Tompkins,2010,25,47,64,285
Ulster,2010,181,164,421,1140
Unknown-NonNYS,2010,15,1,3,8
Warren,2010,60,75,116,354
Washington,2010,49,38,48,229
Wayne,2010,53,82,85,269
Westchester,2010,1162,294,2039,2018
Wyoming,2010,57,40,33,136
Yates,2010,8,18,13,72
Albany,2009,547,156,864,1272
Allegany,2009,48,55,24,229
Bronx,2009,8719,104,22963,1275
Broome,2009,216,135,312,607
Cattaraugus,2009,69,82,72,357
Cayuga,2009,78,25,53,191
Chautauqua,2009,167,130,145,684
Chemung,2009,79,82,107,407
Chenango,2009,42,26,39,213
Clinton,2009,95,51,68,401
Columbia,2009,31,62,117,258
Cortland,2009,37,32,28,264
Delaware,2009,28,39,35,229
Dutchess,2009,173,191,342,1248
Erie,2009,1436,457,3316,2742
Essex,2009,29,31,25,175
Franklin,2009,71,42,46,230
Fulton,2009,42,34,27,276
Genesee,2009,50,70,66,371
Greene,2009,63,62,105,359
Hamilton,2009,1,5,6,30
Herkimer,2009,13,41,42,267
Jefferson,2009,101,62,113,614
Kings,2009,6703,188,25959,2135
Lewis,2009,14,15,14,108
Livingston,2009,34,58,62,214
Madison,2009,14,17,56,296
Monroe,2009,676,444,1128,2047
Montgomery,2009,63,25,38,177
Nassau,2009,919,268,1602,2777
New York,2009,6062,159,17020,2032
Niagara,2009,243,166,457,925
Oneida,2009,239,63,358,936
Onondaga,2009,479,185,835,1738
Ontario,2009,148,80,110,314
Orange,2009,445,196,1097,1280
Orleans,2009,59,28,32,121
Oswego,2009,79,86,81,611
Otsego,2009,54,53,81,371
Putnam,2009,77,51,123,491
Queens,2009,2612,251,9582,2920
Rensselaer,2009,165,56,204,483
Richmond,2009,1036,13,2457,422
Rockland,2009,297,130,273,771
Saratoga,2009,101,127,208,919
Schenectady,2009,174,73,161,345
Schoharie,2009,9,26,36,190
Schuyler,2009,22,25,11,74
Seneca,2009,17,28,20,151
Steuben,2009,81,66,64,308
St. Lawrence,2009,109,73,75,526
Suffolk,2009,940,543,3313,3775
Sullivan,2009,67,79,183,359
Tioga,2009,14,44,30,162
Tompkins,2009,33,44,60,301
Ulster,2009,171,153,358,1076
Unknown-NonNYS,2009,7,0,3,6
Warren,2009,86,71,99,410
Washington,2009,32,44,36,237
Wayne,2009,86,77,82,320
Westchester,2009,1013,240,2145,2280
Wyoming,2009,18,33,20,180
Yates,2009,11,25,12,88
Albany,2008,486,135,823,1251
Allegany,2008,22,41,26,258
Bronx,2008,8975,133,23683,1294
Broome,2008,270,96,297,581
Cattaraugus,2008,53,77,65,355
Cayuga,2008,64,35,28,182
Chautauqua,2008,212,128,142,709
Chemung,2008,70,95,86,345
Chenango,2008,12,22,34,202
Clinton,2008,94,63,63,427
Columbia,2008,48,38,116,237
Cortland,2008,25,38,25,239
Delaware,2008,40,39,33,236
Dutchess,2008,168,226,308,1396
Erie,2008,1652,503,3612,2758
Essex,2008,22,47,22,237
Franklin,2008,81,39,54,247
Fulton,2008,43,32,29,243
Genesee,2008,24,66,70,312
Greene,2008,39,39,114,333
Hamilton,2008,1,3,4,22
Herkimer,2008,31,44,32,286
Jefferson,2008,92,66,91,527
Kings,2008,7828,201,22857,2184
Lewis,2008,21,18,12,79
Livingston,2008,13,41,35,272
Madison,2008,21,16,45,323
Monroe,2008,818,481,1152,2150
Montgomery,2008,25,42,43,199
Nassau,2008,941,340,1615,3049
New York,2008,6944,148,16052,2144
Niagara,2008,215,166,476,972
Oneida,2008,261,70,347,943
Onondaga,2008,575,207,861,1535
Ontario,2008,101,89,120,364
Orange,2008,478,226,948,1300
Orleans,2008,48,15,37,128
Oswego,2008,96,82,99,605
Otsego,2008,55,54,46,296
Putnam,2008,92,38,101,548
Queens,2008,2901,283,9709,2843
Rensselaer,2008,148,71,135,453
Richmond,2008,1058,10,3198,447
Rockland,2008,301,126,314,751
Saratoga,2008,117,135,171,772
Schenectady,2008,162,63,142,399
Schoharie,2008,9,21,18,212
Schuyler,2008,5,31,13,69
Seneca,2008,17,33,20,136
Steuben,2008,55,86,45,410
St. Lawrence,2008,118,66,85,497
Suffolk,2008,999,510,3500,3828
Sullivan,2008,92,62,195,328
Tioga,2008,11,33,18,144
Tompkins,2008,31,61,58,320
Ulster,2008,193,161,387,1075
Unknown-NonNYS,2008,5,3,1,8
Warren,2008,100,77,129,452
Washington,2008,25,40,34,239
Wayne,2008,68,98,91,304
Westchester,2008,1089,230,2179,2465
Wyoming,2008,37,34,17,159
Yates,2008,11,21,14,42
Albany,2007,675,163,1126,1350
Allegany,2007,45,54,21,225
Bronx,2007,9159,173,23508,1238
Broome,2007,311,128,297,602
Cattaraugus,2007,35,83,95,411
Cayuga,2007,63,27,44,160
Chautauqua,2007,196,135,128,570
Chemung,2007,59,93,152,369
Chenango,2007,15,31,30,214
Clinton,2007,74,74,47,367
Columbia,2007,41,46,128,268
Cortland,2007,55,32,23,247
Delaware,2007,25,31,33,251
Dutchess,2007,162,207,288,1432
Erie,2007,1788,490,3364,2529
Essex,2007,25,41,43,273
Franklin,2007,81,33,40,235
Fulton,2007,38,33,31,281
Genesee,2007,38,70,51,299
Greene,2007,50,47,86,312
Hamilton,2007,7,2,4,20
Herkimer,2007,21,52,48,350
Jefferson,2007,77,63,96,564
Kings,2007,8879,233,25037,2137
Lewis,2007,27,11,15,87
Livingston,2007,22,41,45,306
Madison,2007,33,16,48,326
Monroe,2007,765,430,908,2002
Montgomery,2007,57,33,34,208
Nassau,2007,973,280,1589,2945
New York,2007,7275,208,16582,2208
Niagara,2007,246,160,380,894
Oneida,2007,275,61,395,884
Onondaga,2007,618,191,842,1496
Ontario,2007,56,77,90,313
Orange,2007,535,234,950,1521
Orleans,2007,67,30,39,116
Oswego,2007,58,71,61,446
Otsego,2007,48,46,33,299
Putnam,2007,71,26,101,384
Queens,2007,3404,327,9076,2924
Rensselaer,2007,190,65,160,569
Richmond,2007,1085,15,2019,538
Rockland,2007,340,130,285,897
Saratoga,2007,86,129,153,890
Schenectady,2007,246,73,172,467
Schoharie,2007,10,32,17,139
Schuyler,2007,8,35,7,80
Seneca,2007,17,28,29,111
Steuben,2007,96,103,48,472
St. Lawrence,2007,142,65,66,474
Suffolk,2007,1374,523,3817,4095
Sullivan,2007,112,74,210,303
Tioga,2007,14,34,31,153
Tompkins,2007,37,58,64,282
Ulster,2007,237,143,422,1071
Unknown-NonNYS,2007,11,1,1,3
Warren,2007,45,87,102,594
Washington,2007,28,37,23,214
Wayne,2007,86,68,87,304
Westchester,2007,1245,214,2307,2443
Wyoming,2007,38,37,15,136
Yates,2007,8,12,11,70
Albany,2006,814,149,1282,1512
Allegany,2006,45,44,27,257
Bronx,2006,7843,159,19066,939
Broome,2006,372,136,283,569
Cattaraugus,2006,74,64,76,362
Cayuga,2006,59,30,27,209
Chautauqua,2006,210,118,144,632
Chemung,2006,86,81,127,355
Chenango,2006,7,37,36,236
Clinton,2006,76,55,54,428
Columbia,2006,66,45,165,193
Cortland,2006,28,26,24,209
Delaware,2006,21,26,17,246
Dutchess,2006,219,178,333,1285
Erie,2006,1453,541,3430,2755
Essex,2006,54,32,58,364
Franklin,2006,52,47,31,233
Fulton,2006,35,54,23,266
Genesee,2006,30,84,71,348
Greene,2006,42,40,91,284
Hamilton,2006,8,1,11,18
Herkimer,2006,40,41,50,368
Jefferson,2006,84,56,81,537
Kings,2006,8233,179,21002,2031
Lewis,2006,26,13,18,92
Livingston,2006,23,62,32,351
Madison,2006,15,25,40,281
Monroe,2006,795,438,910,1957
Montgomery,2006,44,29,41,193
Nassau,2006,899,274,1530,2932
New York,2006,7061,171,14848,1449
Niagara,2006,304,141,390,934
Oneida,2006,236,63,464,915
Onondaga,2006,664,167,721,1474
Ontario,2006,100,76,96,326
Orange,2006,634,220,1121,1542
Orleans,2006,48,34,40,148
Oswego,2006,61,80,45,499
Otsego,2006,36,39,51,309
Putnam,2006,53,20,95,386
Queens,2006,3429,317,8172,2836
Rensselaer,2006,180,72,130,594
Richmond,2006,1118,13,1657,654
Rockland,2006,351,112,364,909
Saratoga,2006,121,106,160,891
Schenectady,2006,334,53,255,476
Schoharie,2006,21,19,11,140
Schuyler,2006,11,19,11,73
Seneca,2006,22,30,23,157
Steuben,2006,92,84,49,411
St. Lawrence,2006,122,65,72,441
Suffolk,2006,1368,499,3935,4330
Sullivan,2006,132,57,195,319
Tioga,2006,28,34,22,111
Tompkins,2006,43,43,66,267
Ulster,2006,219,162,456,1196
Unknown-NonNYS,2006,9,4,10,3
Warren,2006,46,79,81,496
Washington,2006,48,43,46,283
Wayne,2006,109,54,115,284
Westchester,2006,1309,265,2222,2260
Wyoming,2006,33,32,27,168
Yates,2006,2,20,14,62
Albany,2005,720,155,746,1410
Allegany,2005,20,30,27,265
Bronx,2005,7083,93,18284,1001
Broome,2005,322,135,247,565
Cattaraugus,2005,56,70,70,378
Cayuga,2005,76,28,30,235
Chautauqua,2005,224,128,132,667
Chemung,2005,109,85,151,387
Chenango,2005,14,35,16,233
Clinton,2005,71,74,40,376
Columbia,2005,38,38,101,231
Cortland,2005,30,35,29,241
Delaware,2005,22,36,20,239
Dutchess,2005,251,195,255,1241
Erie,2005,1210,439,2668,2759
Essex,2005,22,29,25,270
Franklin,2005,44,31,22,207
Fulton,2005,59,48,30,322
Genesee,2005,37,70,50,314
Greene,2005,27,50,51,299
Hamilton,2005,0,2,4,22
Herkimer,2005,19,30,46,284
Jefferson,2005,82,43,75,506
Kings,2005,7501,162,19052,1716
Lewis,2005,9,21,19,103
Livingston,2005,23,41,49,348
Madison,2005,25,31,49,275
Monroe,2005,709,417,830,1957
Montgomery,2005,47,29,43,177
Nassau,2005,943,261,1273,3055
New York,2005,7432,129,14258,1190
Niagara,2005,207,125,295,905
Oneida,2005,227,63,381,859
Onondaga,2005,565,184,674,1516
Ontario,2005,43,80,64,332
Orange,2005,599,213,1056,1496
Orleans,2005,55,23,41,157
Oswego,2005,38,77,51,499
Otsego,2005,38,49,34,298
Putnam,2005,75,15,70,374
Queens,2005,3056,294,7295,2578
Rensselaer,2005,214,69,115,546
Richmond,2005,814,15,1434,611
Rockland,2005,321,116,245,833
Saratoga,2005,77,134,106,932
Schenectady,2005,230,64,216,465
Schoharie,2005,21,18,30,167
Schuyler,2005,9,10,3,80
Seneca,2005,17,38,16,153
Steuben,2005,145,69,66,431
St. Lawrence,2005,78,57,76,413
Suffolk,2005,1314,477,3245,4115
Sullivan,2005,134,83,168,301
Tioga,2005,13,38,27,129
Tompkins,2005,43,28,49,294
Ulster,2005,180,167,344,1333
Unknown-NonNYS,2005,6,1,6,0
Warren,2005,44,79,75,506
Washington,2005,30,38,42,314
Wayne,2005,44,78,90,264
Westchester,2005,1160,225,2167,2299
Wyoming,2005,15,28,22,150
Yates,2005,7,18,3,88
Albany,2004,717,111,553,1169
Allegany,2004,31,40,23,247
Bronx,2004,6507,119,17505,1338
Broome,2004,333,117,229,591
Cattaraugus,2004,48,73,61,328
Cayuga,2004,110,30,33,241
Chautauqua,2004,192,129,127,596
Chemung,2004,107,85,135,382
Chenango,2004,18,31,34,244
Clinton,2004,73,67,54,411
Columbia,2004,28,40,124,311
Cortland,2004,20,29,32,240
Delaware,2004,22,25,17,211
Dutchess,2004,223,164,296,1224
Erie,2004,1165,419,2512,2717
Essex,2004,47,24,41,259
Franklin,2004,94,30,37,233
Fulton,2004,20,46,28,342
Genesee,2004,38,57,71,358
Greene,2004,26,40,54,313
Hamilton,2004,10,3,8,29
Herkimer,2004,33,39,28,264
Jefferson,2004,74,53,86,587
Kings,2004,5242,144,16978,1314
Lewis,2004,6,15,13,103
Livingston,2004,25,37,51,348
Madison,2004,19,28,35,310
Monroe,2004,784,411,870,2079
Montgomery,2004,43,31,22,179
Nassau,2004,859,269,1307,3393
New York,2004,9001,134,16392,1046
Niagara,2004,189,120,188,735
Oneida,2004,239,63,427,913
Onondaga,2004,578,157,648,1331
Ontario,2004,41,91,50,299
Orange,2004,526,170,777,1575
Orleans,2004,29,23,18,108
Oswego,2004,42,89,60,533
Otsego,2004,40,31,39,369
Putnam,2004,50,22,80,411
Queens,2004,2802,251,6502,2091
Rensselaer,2004,209,65,105,572
Richmond,2004,569,12,1349,628
Rockland,2004,287,86,257,748
Saratoga,2004,92,109,118,882
Schenectady,2004,225,53,154,395
Schoharie,2004,8,15,15,172
Schuyler,2004,13,22,9,62
Seneca,2004,20,33,18,157
Steuben,2004,57,84,64,382
St. Lawrence,2004,101,54,46,474
Suffolk,2004,1136,482,3530,3874
Sullivan,2004,104,58,159,355
Tioga,2004,14,37,28,174
Tompkins,2004,24,43,46,310
Ulster,2004,155,140,299,1110
Unknown-NonNYS,2004,9,2,0,0
Unknown NYC county,2004,0,0,0,0
Warren,2004,40,53,65,501
Washington,2004,50,46,30,321
Wayne,2004,76,80,80,363
Westchester,2004,1154,187,1960,2097
Wyoming,2004,17,32,22,168
Yates,2004,9,17,5,71
Albany,2003,726,93,535,1232
Allegany,2003,22,34,10,207
Bronx,2003,6750,75,18029,618
Broome,2003,305,107,193,506
Cattaraugus,2003,20,58,54,349
Cayuga,2003,66,28,28,260
Chautauqua,2003,186,112,124,649
Chemung,2003,56,64,121,317
Chenango,2003,19,23,30,237
Clinton,2003,97,46,43,386
Columbia,2003,30,31,92,272
Cortland,2003,28,37,33,293
Delaware,2003,12,26,22,222
Dutchess,2003,216,146,237,1175
Erie,2003,1156,503,2437,2635
Essex,2003,26,26,26,286
Franklin,2003,77,30,31,226
Fulton,2003,20,37,25,330
Genesee,2003,28,47,46,297
Greene,2003,25,38,61,319
Hamilton,2003,1,4,3,30
Herkimer,2003,33,31,25,283
Jefferson,2003,104,47,88,537
Kings,2003,4128,93,21586,1018
Lewis,2003,3,15,8,106
Livingston,2003,17,35,45,297
Madison,2003,25,19,43,364
Monroe,2003,809,398,875,1992
Montgomery,2003,46,25,44,157
Nassau,2003,836,249,1228,2812
New York,2003,8891,101,16177,852
Niagara,2003,158,118,194,769
Oneida,2003,167,54,347,912
Onondaga,2003,457,132,652,1304
Ontario,2003,55,74,48,286
Orange,2003,474,201,697,1477
Orleans,2003,45,26,28,126
Oswego,2003,51,72,42,460
Otsego,2003,34,36,48,351
Putnam,2003,63,17,72,370
Queens,2003,2054,170,10164,1458
Rensselaer,2003,177,50,111,457
Richmond,2003,511,5,1949,501
Rockland,2003,311,74,231,654
Saratoga,2003,98,120,159,1007
Schenectady,2003,237,63,169,370
Schoharie,2003,13,24,16,191
Schuyler,2003,3,19,8,98
Seneca,2003,23,31,16,168
Steuben,2003,46,85,49,370
St. Lawrence,2003,69,49,29,422
Suffolk,2003,962,520,3586,4210
Sullivan,2003,115,41,164,300
Tioga,2003,22,28,23,202
Tompkins,2003,29,32,49,291
Ulster,2003,186,113,306,1082
Unknown-NonNYS,2003,7,1,0,1
Warren,2003,42,57,65,532
Washington,2003,28,29,29,327
Wayne,2003,61,95,89,352
Westchester,2003,997,143,1688,2166
Wyoming,2003,22,20,11,155
Yates,2003,5,17,3,84
Albany,2002,645,127,523,1206
Allegany,2002,18,33,11,198
Bronx,2002,7578,73,17604,513
Broome,2002,380,140,201,578
Cattaraugus,2002,20,53,58,348
Cayuga,2002,56,23,25,253
Chautauqua,2002,140,124,110,764
Chemung,2002,77,76,115,311
Chenango,2002,7,24,17,230
Clinton,2002,71,71,41,402
Columbia,2002,45,36,91,162
Cortland,2002,14,31,33,330
Delaware,2002,27,35,26,238
Dutchess,2002,219,152,251,1053
Erie,2002,1366,422,2282,2546
Essex,2002,19,26,15,266
Franklin,2002,48,37,37,228
Fulton,2002,38,30,38,312
Genesee,2002,26,52,29,280
Greene,2002,36,39,47,300
Hamilton,2002,1,3,4,34
Herkimer,2002,36,36,31,291
Jefferson,2002,85,68,66,551
Kings,2002,5753,134,24200,851
Lewis,2002,6,13,9,112
Livingston,2002,14,30,26,294
Madison,2002,31,7,43,291
Monroe,2002,1033,427,1091,1958
Montgomery,2002,31,36,27,210
Nassau,2002,882,230,1088,2743
New York,2002,11108,149,20281,673
Niagara,2002,202,69,125,671
Oneida,2002,171,23,267,886
Onondaga,2002,535,137,636,1225
Ontario,2002,79,76,95,289
Orange,2002,488,194,673,1408
Orleans,2002,26,34,7,136
Oswego,2002,43,83,36,467
Otsego,2002,34,35,39,290
Putnam,2002,37,15,123,279
Queens,2002,2354,205,10550,1271
Rensselaer,2002,159,55,92,554
Richmond,2002,746,7,2187,461
Rockland,2002,208,72,250,558
Saratoga,2002,84,108,113,890
Schenectady,2002,247,57,126,393
Schoharie,2002,14,20,15,164
Schuyler,2002,8,17,5,98
Seneca,2002,13,35,14,162
Steuben,2002,23,100,31,443
St. Lawrence,2002,121,67,41,588
Suffolk,2002,934,556,3138,3961
Sullivan,2002,89,51,127,304
Tioga,2002,8,43,27,192
Tompkins,2002,45,27,68,288
Ulster,2002,174,135,274,880
Unknown-NonNYS,2002,9,1,0,2
Warren,2002,43,74,64,523
Washington,2002,19,39,26,298
Wayne,2002,34,100,94,309
Westchester,2002,839,188,1452,2129
Wyoming,2002,20,34,12,195
Yates,2002,15,16,10,60
Albany,2001,598,116,897,1148
Allegany,2001,11,32,20,242
Bronx,2001,7734,72,16197,514
Broome,2001,325,142,215,573
Cattaraugus,2001,26,51,41,338
Cayuga,2001,56,24,28,224
Chautauqua,2001,94,119,84,746
Chemung,2001,54,69,87,356
Chenango,2001,9,34,12,183
Clinton,2001,49,55,58,341
Columbia,2001,47,54,124,205
Cortland,2001,25,28,34,265
Delaware,2001,14,30,30,254
Dutchess,2001,204,153,214,1137
Erie,2001,1259,391,2265,2608
Essex,2001,6,21,11,184
Franklin,2001,33,22,18,233
Fulton,2001,5,49,11,369
Genesee,2001,21,60,55,291
Greene,2001,28,34,34,306
Hamilton,2001,3,2,4,34
Herkimer,2001,31,32,29,277
Jefferson,2001,70,58,56,551
Kings,2001,7098,186,26139,891
Lewis,2001,5,11,9,115
Livingston,2001,22,25,27,274
Madison,2001,9,7,11,275
Monroe,2001,991,494,869,2039
Montgomery,2001,47,31,26,187
Nassau,2001,941,244,1066,2633
New York,2001,10355,191,20854,572
Niagara,2001,158,66,145,652
Oneida,2001,188,20,299,821
Onondaga,2001,534,156,697,1306
Ontario,2001,49,130,114,354
Orange,2001,445,229,648,1602
Orleans,2001,52,31,26,93
Oswego,2001,60,77,29,438
Otsego,2001,8,30,25,283
Putnam,2001,34,12,55,277
Queens,2001,2364,183,9580,1083
Rensselaer,2001,154,65,119,590
Richmond,2001,926,3,1780,397
Rockland,2001,187,69,212,547
Saratoga,2001,68,85,90,881
Schenectady,2001,231,49,125,338
Schoharie,2001,14,23,13,161
Schuyler,2001,3,15,3,85
Seneca,2001,9,25,6,129
Steuben,2001,44,96,30,499
St. Lawrence,2001,81,68,35,598
Suffolk,2001,742,507,2571,3493
Sullivan,2001,100,63,139,345
Tioga,2001,15,49,14,247
Tompkins,2001,20,32,58,350
Ulster,2001,166,115,267,873
Unknown-NonNYS,2001,11,0,1,6
Unknown NYC county,2001,0,0,0,0
Warren,2001,30,61,32,464
Washington,2001,33,59,31,354
Wayne,2001,42,86,76,315
Westchester,2001,737,177,1457,1981
Wyoming,2001,17,32,12,159
Yates,2001,1,12,4,78
Albany,2000,460,138,872,1279
Allegany,2000,27,27,18,210
Bronx,2000,8784,52,24996,457
Broome,2000,373,155,242,621
Cattaraugus,2000,35,50,52,346
Cayuga,2000,38,22,26,305
Chautauqua,2000,96,128,73,746
Chemung,2000,101,111,90,426
Chenango,2000,12,31,21,180
Clinton,2000,33,83,44,330
Columbia,2000,51,47,85,227
Cortland,2000,15,50,32,277
Delaware,2000,31,21,19,279
Dutchess,2000,235,150,228,1067
Erie,2000,1174,335,2332,2710
Essex,2000,17,24,12,193
Franklin,2000,28,43,17,281
Fulton,2000,22,46,12,448
Genesee,2000,23,49,45,328
Greene,2000,19,49,28,285
Hamilton,2000,1,4,4,30
Herkimer,2000,31,23,37,270
Jefferson,2000,84,69,56,583
Kings,2000,8553,153,29471,952
Lewis,2000,1,11,0,101
Livingston,2000,24,44,22,278
Madison,2000,7,5,24,288
Monroe,2000,1206,580,1056,2310
Montgomery,2000,28,32,42,227
Nassau,2000,814,261,1046,2462
New York,2000,12837,189,27560,665
Niagara,2000,143,51,169,772
Oneida,2000,167,27,175,789
Onondaga,2000,520,164,672,1455
Ontario,2000,42,109,88,367
Orange,2000,457,246,652,1602
Orleans,2000,32,26,22,170
Oswego,2000,50,59,24,405
Otsego,2000,10,29,15,319
Putnam,2000,43,13,54,352
Queens,2000,3521,195,11607,1030
Rensselaer,2000,142,89,126,614
Richmond,2000,1443,6,2353,339
Rockland,2000,182,76,222,585
Saratoga,2000,65,112,99,803
Schenectady,2000,224,69,169,291
Schoharie,2000,23,25,13,149
Schuyler,2000,2,37,5,91
Seneca,2000,6,25,13,145
Steuben,2000,43,105,34,534
St. Lawrence,2000,58,69,40,540
Suffolk,2000,953,528,2799,3917
Sullivan,2000,116,58,138,332
Tioga,2000,10,44,6,163
Tompkins,2000,31,37,67,352
Ulster,2000,118,127,287,854
Unknown-NonNYS,2000,11,1,0,1
Warren,2000,44,69,23,454
Washington,2000,25,49,18,297
Wayne,2000,57,119,92,381
Westchester,2000,722,197,1339,2115
Wyoming,2000,7,38,8,188
Yates,2000,5,18,3,53
Albany,1999,556,117,1028,1227
Allegany,1999,18,24,19,193
Bronx,1999,9525,32,17854,577
Broome,1999,315,142,212,698
Cattaraugus,1999,29,56,57,365
Cayuga,1999,52,27,24,254
Chautauqua,1999,119,145,90,631
Chemung,1999,83,102,84,349
Chenango,1999,4,30,13,175
Clinton,1999,31,68,28,384
Columbia,1999,37,36,66,213
Cortland,1999,23,35,24,322
Delaware,1999,12,37,12,219
Dutchess,1999,207,134,265,944
Erie,1999,1395,292,2773,2576
Essex,1999,18,23,12,198
Franklin,1999,28,37,14,327
Fulton,1999,43,50,21,355
Genesee,1999,26,59,26,271
Greene,1999,37,47,38,230
Hamilton,1999,1,5,3,38
Herkimer,1999,25,24,15,272
Jefferson,1999,103,79,91,572
Kings,1999,8538,207,19971,959
Lewis,1999,1,19,1,98
Livingston,1999,9,34,22,307
Madison,1999,18,5,29,264
Monroe,1999,1334,470,1101,2749
Montgomery,1999,66,42,49,232
Nassau,1999,882,270,992,2557
New York,1999,14108,173,24123,596
Niagara,1999,204,67,205,733
Oneida,1999,207,46,270,830
Onondaga,1999,554,190,805,1434
Ontario,1999,52,112,81,384
Orange,1999,453,221,651,1395
Orleans,1999,20,55,27,203
Oswego,1999,46,61,31,426
Otsego,1999,6,30,26,342
Putnam,1999,66,21,49,382
Queens,1999,3479,206,9336,966
Rensselaer,1999,160,64,165,649
Richmond,1999,1647,5,1789,369
Rockland,1999,194,70,276,568
Saratoga,1999,43,111,51,745
Schenectady,1999,215,71,222,359
Schoharie,1999,7,18,6,132
Schuyler,1999,2,25,3,72
Seneca,1999,11,30,22,119
Steuben,1999,63,135,36,450
St. Lawrence,1999,63,63,38,497
Suffolk,1999,1167,543,2828,4049
Sullivan,1999,60,42,118,294
Tioga,1999,20,35,16,235
Tompkins,1999,27,37,77,389
Ulster,1999,180,142,261,931
Unknown-NonNYS,1999,14,2,1,1
Warren,1999,20,86,25,413
Washington,1999,16,39,17,361
Wayne,1999,48,82,66,295
Westchester,1999,782,164,1473,1853
Wyoming,1999,18,32,17,150
Yates,1999,1,15,1,61
Albany,1998,702,118,933,1191
Allegany,1998,16,27,11,226
Bronx,1998,11832,44,16943,613
Broome,1998,299,128,203,698
Cattaraugus,1998,34,73,42,399
Cayuga,1998,60,24,28,300
Chautauqua,1998,150,118,88,749
Chemung,1998,92,117,52,407
Chenango,1998,7,30,13,204
Clinton,1998,43,66,27,377
Columbia,1998,39,31,53,194
Cortland,1998,8,15,12,244
Delaware,1998,10,30,15,193
Dutchess,1998,198,136,245,842
Erie,1998,1534,312,2676,2559
Essex,1998,7,24,9,195
Franklin,1998,49,39,16,268
Fulton,1998,23,34,32,296
Genesee,1998,32,59,23,317
Greene,1998,20,34,31,257
Hamilton,1998,2,5,0,32
Herkimer,1998,26,33,6,285
Jefferson,1998,68,98,103,591
Kings,1998,10360,290,20253,1215
Lewis,1998,11,22,1,85
Livingston,1998,26,34,25,262
Madison,1998,14,7,17,271
Monroe,1998,1360,506,1058,2669
Montgomery,1998,49,28,50,213
Nassau,1998,954,299,1112,3766
New York,1998,15105,184,28143,692
Niagara,1998,174,83,198,626
Oneida,1998,174,28,217,862
Onondaga,1998,772,201,951,1528
Ontario,1998,44,121,72,413
Orange,1998,536,225,681,1300
Orleans,1998,38,38,23,223
Oswego,1998,40,65,19,478
Otsego,1998,14,42,23,381
Putnam,1998,56,17,49,367
Queens,1998,4274,214,9593,1280
Rensselaer,1998,165,51,118,530
Richmond,1998,1174,3,2182,438
Rockland,1998,314,77,188,537
Saratoga,1998,60,95,69,701
Schenectady,1998,311,88,329,441
Schoharie,1998,7,24,17,153
Schuyler,1998,3,17,9,87
Seneca,1998,19,35,14,130
Steuben,1998,64,123,38,464
St. Lawrence,1998,49,76,44,503
Suffolk,1998,1179,562,2402,5025
Sullivan,1998,76,48,89,320
Tioga,1998,10,79,25,257
Tompkins,1998,39,34,81,365
Ulster,1998,190,139,330,930
Unknown-NonNYS,1998,10,0,0,2
Unknown NYC county,1998,3,0,1,0
Warren,1998,28,69,13,384
Washington,1998,18,46,12,392
Wayne,1998,84,85,89,309
Westchester,1998,621,206,1535,1973
Wyoming,1998,13,31,23,255
Yates,1998,7,24,1,66
Albany,1997,672,153,875,1162
Allegany,1997,22,26,10,215
Bronx,1997,10867,46,11796,762
Broome,1997,284,106,179,684
Cattaraugus,1997,39,67,43,370
Cayuga,1997,62,30,48,288
Chautauqua,1997,128,127,67,761
Chemung,1997,64,104,47,387
Chenango,1997,9,26,7,188
Clinton,1997,80,59,33,409
Columbia,1997,76,50,72,180
Cortland,1997,7,14,22,246
Delaware,1997,7,27,14,214
Dutchess,1997,254,124,219,865
Erie,1997,1646,353,3453,2588
Essex,1997,16,19,8,156
Franklin,1997,39,45,28,234
Fulton,1997,20,24,17,235
Genesee,1997,32,65,26,316
Greene,1997,35,32,41,269
Hamilton,1997,1,2,3,30
Herkimer,1997,26,32,14,270
Jefferson,1997,60,68,34,614
Kings,1997,9825,287,16385,1262
Lewis,1997,3,14,3,72
Livingston,1997,25,26,22,300
Madison,1997,20,6,27,245
Monroe,1997,1000,431,945,2219
Montgomery,1997,41,23,40,228
Nassau,1997,1054,368,1320,4121
New York,1997,13651,131,23275,781
Niagara,1997,149,74,168,655
Oneida,1997,173,18,214,870
Onondaga,1997,621,198,719,1398
Ontario,1997,45,115,77,422
Orange,1997,523,229,711,1226
Orleans,1997,40,41,11,208
Oswego,1997,51,46,33,408
Otsego,1997,22,33,23,334
Putnam,1997,56,15,53,375
Queens,1997,3476,180,7532,1211
Rensselaer,1997,193,66,99,545
Richmond,1997,845,2,1311,540
Rockland,1997,302,62,193,528
Saratoga,1997,54,98,50,693
Schenectady,1997,204,77,288,448
Schoharie,1997,3,30,6,125
Schuyler,1997,3,17,6,100
Seneca,1997,8,24,25,121
Steuben,1997,57,95,39,441
St. Lawrence,1997,37,79,29,485
Suffolk,1997,1011,575,2324,5320
Sullivan,1997,71,54,94,299
Tioga,1997,12,58,17,178
Tompkins,1997,53,46,90,298
Ulster,1997,179,146,235,861
Unknown-NonNYS,1997,11,1,0,0
Unknown NYC county,1997,4,0,0,0
Warren,1997,22,48,14,341
Washington,1997,35,46,24,360
Wayne,1997,62,108,82,328
Westchester,1997,721,175,1580,1992
Wyoming,1997,17,35,11,214
Yates,1997,3,20,8,72
Albany,1996,567,139,769,1058
Allegany,1996,19,35,16,218
Bronx,1996,12022,52,10753,861
Broome,1996,281,120,262,632
Cattaraugus,1996,34,57,41,385
Cayuga,1996,59,19,56,280
Chautauqua,1996,128,120,68,723
Chemung,1996,95,93,61,444
Chenango,1996,13,25,4,197
Clinton,1996,23,67,30,438
Columbia,1996,82,36,69,190
Cortland,1996,17,2,24,283
Delaware,1996,14,31,14,247
Dutchess,1996,294,167,254,909
Erie,1996,1634,292,2949,2567
Essex,1996,4,22,6,165
Franklin,1996,16,30,23,236
Fulton,1996,25,37,17,271
Genesee,1996,22,75,32,283
Greene,1996,32,31,30,252
Hamilton,1996,0,2,0,42
Herkimer,1996,19,47,19,276
Jefferson,1996,62,61,39,520
Kings,1996,10770,140,13682,1306
Lewis,1996,2,18,0,78
Livingston,1996,19,26,13,277
Madison,1996,24,7,6,283
Monroe,1996,997,368,1083,2080
Montgomery,1996,62,27,85,273
Nassau,1996,1031,390,1101,4096
New York,1996,14012,207,21191,894
Niagara,1996,220,78,213,883
Oneida,1996,166,24,236,1013
Onondaga,1996,747,206,797,1651
Ontario,1996,68,127,56,456
Orange,1996,516,194,653,1290
Orleans,1996,20,40,11,190
Oswego,1996,37,53,30,504
Otsego,1996,35,35,28,366
Putnam,1996,69,23,78,298
Queens,1996,4111,180,5268,1154
Rensselaer,1996,118,60,102,462
Richmond,1996,865,0,908,420
Rockland,1996,256,53,228,464
Saratoga,1996,57,109,44,776
Schenectady,1996,179,47,198,432
Schoharie,1996,9,15,17,163
Schuyler,1996,4,25,9,111
Seneca,1996,13,22,12,129
Steuben,1996,31,110,23,381
St. Lawrence,1996,24,69,34,538
Suffolk,1996,1079,500,2172,5271
Sullivan,1996,59,47,77,293
Tioga,1996,19,34,25,183
Tompkins,1996,47,44,53,315
Ulster,1996,158,134,355,768
Unknown-NonNYS,1996,14,1,0,0
Unknown NYC county,1996,4,0,0,1
Warren,1996,35,65,22,335
Washington,1996,21,42,12,395
Wayne,1996,112,115,124,380
Westchester,1996,614,178,1370,1925
Wyoming,1996,13,19,29,182
Yates,1996,1,22,2,96
Albany,1995,663,145,970,1087
Allegany,1995,15,35,7,245
Bronx,1995,11586,17,11315,1116
Broome,1995,294,130,389,550
Cattaraugus,1995,48,60,24,417
Cayuga,1995,56,33,65,293
Chautauqua,1995,127,128,54,691
Chemung,1995,93,104,64,396
Chenango,1995,3,24,7,158
Clinton,1995,46,74,37,469
Columbia,1995,76,36,61,228
Cortland,1995,18,7,17,290
Delaware,1995,8,28,19,277
Dutchess,1995,327,167,202,933
Erie,1995,1476,331,2512,2796
Essex,1995,9,21,10,213
Franklin,1995,14,29,15,240
Fulton,1995,41,32,13,264
Genesee,1995,27,60,26,349
Greene,1995,30,27,36,289
Hamilton,1995,0,5,2,26
Herkimer,1995,21,28,6,321
Jefferson,1995,72,83,54,611
Kings,1995,9124,62,11313,1398
Lewis,1995,6,17,1,105
Livingston,1995,5,23,13,345
Madison,1995,19,8,18,289
Monroe,1995,840,377,940,1914
Montgomery,1995,36,39,29,283
Nassau,1995,904,366,1131,3417
New York,1995,14958,100,22321,1113
Niagara,1995,231,63,139,854
Oneida,1995,251,50,130,1035
Onondaga,1995,795,173,680,1452
Ontario,1995,58,111,46,469
Orange,1995,389,191,684,1209
Orleans,1995,17,36,17,178
Oswego,1995,30,56,25,477
Otsego,1995,19,27,21,279
Putnam,1995,99,25,68,372
Queens,1995,3730,34,5193,1767
Rensselaer,1995,145,56,108,506
Richmond,1995,783,0,838,382
Rockland,1995,215,73,333,484
Saratoga,1995,56,108,44,843
Schenectady,1995,118,42,177,408
Schoharie,1995,15,19,22,145
Schuyler,1995,8,18,6,65
Seneca,1995,5,29,15,144
Steuben,1995,30,81,32,360
St. Lawrence,1995,44,55,34,477
Suffolk,1995,1136,441,1932,4452
Sullivan,1995,55,54,89,335
Tioga,1995,11,43,9,181
Tompkins,1995,60,37,52,345
Ulster,1995,196,130,320,870
Unknown-NonNYS,1995,21,2,0,2
Unknown NYC county,1995,5,0,0,0
Warren,1995,28,45,23,377
Washington,1995,18,46,18,449
Wayne,1995,66,120,97,357
Westchester,1995,778,208,1217,1918
Wyoming,1995,7,39,19,237
Yates,1995,6,23,5,99
Albany,1994,634,132,828,1165
Allegany,1994,6,37,11,242
Bronx,1994,12165,9,8393,1073
Broome,1994,231,128,375,624
Cattaraugus,1994,34,66,17,366
Cayuga,1994,38,29,38,250
Chautauqua,1994,116,98,35,735
Chemung,1994,71,54,36,374
Chenango,1994,7,31,11,228
Clinton,1994,20,59,32,435
Columbia,1994,38,48,37,213
Cortland,1994,8,4,23,312
Delaware,1994,8,21,4,297
Dutchess,1994,337,179,273,1313
Erie,1994,1559,297,2451,2987
Essex,1994,11,15,9,190
Franklin,1994,6,29,13,270
Fulton,1994,8,27,12,220
Genesee,1994,18,59,19,320
Greene,1994,28,38,30,244
Hamilton,1994,0,3,0,35
Herkimer,1994,24,40,21,321
Jefferson,1994,62,87,53,717
Kings,1994,9205,41,10197,1515
Lewis,1994,6,24,14,111
Livingston,1994,4,19,12,416
Madison,1994,21,17,10,328
Monroe,1994,934,362,839,1784
Montgomery,1994,21,30,27,285
Nassau,1994,1051,327,1116,3596
New York,1994,14744,45,17410,1333
Niagara,1994,203,60,163,920
Oneida,1994,201,45,138,1112
Onondaga,1994,769,171,656,1557
Ontario,1994,62,133,35,473
Orange,1994,427,215,722,1311
Orleans,1994,48,51,7,214
Oswego,1994,23,76,19,607
Otsego,1994,12,35,14,326
Putnam,1994,87,19,75,456
Queens,1994,4092,32,4483,1322
Rensselaer,1994,146,61,103,550
Richmond,1994,629,0,665,391
Rockland,1994,188,77,316,539
Saratoga,1994,45,111,48,880
Schenectady,1994,104,38,117,404
Schoharie,1994,6,25,19,211
Schuyler,1994,2,21,5,104
Seneca,1994,5,32,16,131
Steuben,1994,29,78,38,355
St. Lawrence,1994,29,82,109,458
Suffolk,1994,1228,302,1619,4557
Sullivan,1994,83,70,104,395
Tioga,1994,5,36,24,184
Tompkins,1994,43,18,108,283
Ulster,1994,222,140,369,900
Unknown-NonNYS,1994,17,1,0,0
Unknown NYC county,1994,4,0,0,0
Warren,1994,24,38,41,467
Washington,1994,20,23,10,372
Wayne,1994,78,77,56,337
Westchester,1994,834,168,1393,2040
Wyoming,1994,6,38,6,192
Yates,1994,4,25,3,93
Albany,1993,674,149,742,1301
Allegany,1993,12,28,7,228
Bronx,1993,10190,7,5804,944
Broome,1993,222,110,278,653
Cattaraugus,1993,16,73,16,399
Cayuga,1993,64,20,32,256
Chautauqua,1993,91,94,74,748
Chemung,1993,65,67,36,391
Chenango,1993,4,27,9,258
Clinton,1993,23,72,41,519
Columbia,1993,62,30,28,182
Cortland,1993,8,4,9,341
Delaware,1993,9,28,7,290
Dutchess,1993,330,199,229,1304
Erie,1993,1552,260,2716,2923
Essex,1993,8,23,10,192
Franklin,1993,16,55,14,347
Fulton,1993,11,27,18,272
Genesee,1993,17,44,27,286
Greene,1993,40,44,38,311
Hamilton,1993,0,7,3,45
Herkimer,1993,36,34,9,389
Jefferson,1993,41,96,64,742
Kings,1993,8593,13,6761,1526
Lewis,1993,7,17,1,134
Livingston,1993,27,28,24,405
Madison,1993,14,11,11,300
Monroe,1993,833,353,678,1677
Montgomery,1993,54,40,35,343
Nassau,1993,1043,338,786,3945
New York,1993,12642,88,11058,1346
Niagara,1993,154,64,134,844
Oneida,1993,174,38,143,1139
Onondaga,1993,658,185,751,1794
Ontario,1993,56,100,27,352
Orange,1993,419,216,695,1411
Orleans,1993,28,41,14,224
Oswego,1993,26,61,27,638
Otsego,1993,5,27,11,316
Putnam,1993,121,18,87,509
Queens,1993,4288,14,2775,1323
Rensselaer,1993,183,57,156,637
Richmond,1993,419,1,318,493
Rockland,1993,223,78,270,585
Saratoga,1993,61,94,51,968
Schenectady,1993,158,41,132,630
Schoharie,1993,9,19,17,206
Schuyler,1993,7,17,3,96
Seneca,1993,13,24,18,134
Steuben,1993,34,67,33,386
St. Lawrence,1993,35,78,80,679
Suffolk,1993,1108,194,1146,4200
Sullivan,1993,82,57,103,382
Tioga,1993,16,49,24,243
Tompkins,1993,45,31,43,339
Ulster,1993,243,155,299,989
Unknown-NonNYS,1993,20,0,0,1
Unknown NYC county,1993,3,0,0,0
Warren,1993,13,39,8,448
Washington,1993,10,33,15,431
Wayne,1993,54,79,67,362
Westchester,1993,989,202,1495,2223
Wyoming,1993,3,43,8,158
Yates,1993,1,21,1,93
Albany,1992,536,182,727,1399
Allegany,1992,7,17,6,190
Bronx,1992,10212,2,5055,1043
Broome,1992,234,143,249,756
Cattaraugus,1992,24,59,20,418
Cayuga,1992,45,22,28,335
Chautauqua,1992,101,116,36,731
Chemung,1992,89,73,29,370
Chenango,1992,16,39,17,257
Clinton,1992,53,55,29,485
Columbia,1992,71,40,47,222
Cortland,1992,12,12,8,406
Delaware,1992,9,37,7,275
Dutchess,1992,307,202,204,1372
Erie,1992,1422,292,2292,3032
Essex,1992,5,23,5,216
Franklin,1992,16,37,10,430
Fulton,1992,10,18,9,307
Genesee,1992,39,40,18,280
Greene,1992,26,46,41,371
Hamilton,1992,0,1,0,38
Herkimer,1992,10,31,4,291
Jefferson,1992,43,105,57,822
Kings,1992,8757,9,5738,1693
Lewis,1992,4,9,2,121
Livingston,1992,24,21,29,393
Madison,1992,24,18,15,414
Monroe,1992,883,428,579,1790
Montgomery,1992,63,36,42,323
Nassau,1992,1259,280,798,3746
New York,1992,13439,98,9920,1444
Niagara,1992,128,77,180,962
Oneida,1992,179,53,103,1309
Onondaga,1992,731,197,649,1993
Ontario,1992,58,99,26,386
Orange,1992,434,210,642,1510
Orleans,1992,27,47,15,178
Oswego,1992,47,49,20,623
Otsego,1992,13,22,6,443
Putnam,1992,76,24,78,623
Queens,1992,4403,27,3135,1471
Rensselaer,1992,96,66,64,702
Richmond,1992,413,1,256,507
Rockland,1992,268,112,273,546
Saratoga,1992,48,87,53,1159
Schenectady,1992,121,52,109,613
Schoharie,1992,6,22,30,255
Schuyler,1992,6,20,1,135
Seneca,1992,6,32,13,207
Steuben,1992,46,73,44,467
St. Lawrence,1992,43,78,64,736
Suffolk,1992,1158,146,1153,4431
Sullivan,1992,132,57,114,439
Tioga,1992,18,35,12,233
Tompkins,1992,19,30,31,434
Ulster,1992,151,114,176,1020
Unknown-NonNYS,1992,27,1,0,1
Unknown NYC county,1992,2,0,0,0
Warren,1992,7,22,13,530
Washington,1992,14,31,11,372
Wayne,1992,67,68,64,370
Westchester,1992,1158,188,1685,2314
Wyoming,1992,18,40,13,215
Yates,1992,6,18,8,72
Albany,1991,548,140,566,1514
Allegany,1991,3,37,5,182
Bronx,1991,11047,9,4663,952
Broome,1991,196,118,164,598
Cattaraugus,1991,17,64,29,508
Cayuga,1991,32,25,16,310
Chautauqua,1991,107,119,64,859
Chemung,1991,50,73,37,332
Chenango,1991,2,24,5,272
Clinton,1991,20,45,33,455
Columbia,1991,57,33,66,282
Cortland,1991,11,4,11,394
Delaware,1991,9,22,18,276
Dutchess,1991,316,225,245,1383
Erie,1991,1003,310,1885,3318
Essex,1991,9,15,5,244
Franklin,1991,13,53,29,358
Fulton,1991,8,34,13,265
Genesee,1991,34,46,25,330
Greene,1991,44,40,56,351
Hamilton,1991,3,5,3,58
Herkimer,1991,3,38,9,319
Jefferson,1991,43,105,46,910
Kings,1991,9623,4,6002,1510
Lewis,1991,6,13,0,136
Livingston,1991,28,29,28,435
Madison,1991,20,10,30,461
Monroe,1991,785,382,528,1939
Montgomery,1991,75,48,40,331
Nassau,1991,1288,365,834,4447
New York,1991,14138,35,11239,1248
Niagara,1991,114,47,136,1006
Oneida,1991,219,51,85,1509
Onondaga,1991,513,225,625,2167
Ontario,1991,44,123,32,461
Orange,1991,443,185,516,1473
Orleans,1991,21,61,18,248
Oswego,1991,25,37,26,630
Otsego,1991,9,22,14,463
Putnam,1991,131,18,165,696
Queens,1991,4722,16,3740,1368
Rensselaer,1991,114,45,52,816
Richmond,1991,483,0,329,389
Rockland,1991,272,84,247,569
Saratoga,1991,72,83,38,1212
Schenectady,1991,152,57,155,678
Schoharie,1991,5,26,30,256
Schuyler,1991,11,15,1,78
Seneca,1991,15,24,11,185
Steuben,1991,39,105,23,516
St. Lawrence,1991,25,70,77,607
Suffolk,1991,1233,93,1103,4716
Sullivan,1991,123,53,125,547
Tioga,1991,15,42,9,236
Tompkins,1991,38,34,36,457
Ulster,1991,126,108,145,889
Unknown-NonNYS,1991,41,2,1,0
Unknown NYC county,1991,1,0,0,0
Warren,1991,18,28,21,474
Washington,1991,15,19,15,439
Wayne,1991,50,55,52,504
Westchester,1991,1584,208,1692,2610
Wyoming,1991,8,32,7,233
Yates,1991,11,15,4,95
Albany,1990,331,157,240,1859
Allegany,1990,2,27,6,195
Bronx,1990,10833,10,5001,957
Broome,1990,148,98,207,541
Cattaraugus,1990,19,77,22,527
Cayuga,1990,25,27,17,280
Chautauqua,1990,48,106,68,893
Chemung,1990,44,55,24,317
Chenango,1990,8,40,8,281
Clinton,1990,23,50,43,554
Columbia,1990,67,54,57,338
Cortland,1990,17,5,7,389
Delaware,1990,13,35,13,314
Dutchess,1990,273,215,283,1467
Erie,1990,898,314,1675,3791
Essex,1990,20,20,19,241
Franklin,1990,20,49,36,473
Fulton,1990,4,25,6,275
Genesee,1990,32,48,22,323
Greene,1990,62,48,41,334
Hamilton,1990,1,5,1,58
Herkimer,1990,23,28,21,297
Jefferson,1990,41,119,101,807
Kings,1990,10814,37,9033,1343
Lewis,1990,1,14,2,126
Livingston,1990,13,27,30,470
Madison,1990,16,17,15,489
Monroe,1990,1002,445,695,2008
Montgomery,1990,78,55,36,379
Nassau,1990,1328,487,852,4909
New York,1990,17442,30,13952,1354
Niagara,1990,130,68,188,1014
Oneida,1990,130,39,87,1205
Onondaga,1990,576,217,690,2188
Ontario,1990,43,128,32,570
Orange,1990,493,208,636,1521
Orleans,1990,22,46,15,281
Oswego,1990,52,47,28,691
Otsego,1990,20,34,26,603
Putnam,1990,99,19,137,618
Queens,1990,5224,23,4125,1277
Rensselaer,1990,83,62,90,1001
Richmond,1990,500,0,297,419
Rockland,1990,300,106,251,623
Saratoga,1990,30,55,53,1260
Schenectady,1990,179,50,126,544
Schoharie,1990,8,23,47,270
Schuyler,1990,5,22,6,116
Seneca,1990,14,50,18,267
Steuben,1990,17,106,28,536
St. Lawrence,1990,21,62,90,731
Suffolk,1990,1534,108,1611,6058
Sullivan,1990,102,87,123,574
Tioga,1990,14,42,10,225
Tompkins,1990,28,23,43,426
Ulster,1990,143,153,183,894
Unknown-NonNYS,1990,33,0,0,8
Unknown NYC county,1990,5,0,0,0
Warren,1990,8,48,15,474
Washington,1990,13,35,11,530
Wayne,1990,33,48,33,621
Westchester,1990,1611,232,1998,2934
Wyoming,1990,15,33,8,237
Yates,1990,8,22,7,95
Albany,1989,517,149,379,1801
Allegany,1989,28,21,9,235
Bronx,1989,10718,27,6844,1230
Broome,1989,152,95,231,562
Cattaraugus,1989,23,77,29,479
Cayuga,1989,35,18,29,231
Chautauqua,1989,60,100,101,867
Chemung,1989,45,42,15,279
Chenango,1989,3,30,13,287
Clinton,1989,45,43,102,504
Columbia,1989,82,27,71,325
Cortland,1989,30,1,19,362
Delaware,1989,11,25,11,331
Dutchess,1989,381,192,410,1492
Erie,1989,825,315,1372,3461
Essex,1989,8,20,10,236
Franklin,1989,8,28,82,376
Fulton,1989,12,7,0,263
Genesee,1989,34,45,32,359
Greene,1989,47,31,21,317
Hamilton,1989,3,3,4,46
Herkimer,1989,50,38,38,276
Jefferson,1989,54,74,86,606
Kings,1989,11678,14,12333,1580
Lewis,1989,0,10,6,127
Livingston,1989,11,17,28,367
Madison,1989,36,24,16,389
Monroe,1989,993,369,930,1778
Montgomery,1989,77,59,47,384
Nassau,1989,1637,393,1136,4318
New York,1989,17313,33,19597,1146
Niagara,1989,151,43,228,927
Oneida,1989,121,39,105,1106
Onondaga,1989,556,167,658,1904
Ontario,1989,37,96,48,645
Orange,1989,657,214,879,1423
Orleans,1989,19,44,4,201
Oswego,1989,32,35,31,666
Otsego,1989,19,32,12,479
Putnam,1989,111,11,173,527
Queens,1989,5239,30,4955,1397
Rensselaer,1989,100,41,93,923
Richmond,1989,509,0,467,481
Rockland,1989,300,103,393,608
Saratoga,1989,79,54,69,1338
Schenectady,1989,207,68,160,510
Schoharie,1989,3,22,16,297
Schuyler,1989,4,18,0,118
Seneca,1989,21,42,13,270
Steuben,1989,34,81,61,424
St. Lawrence,1989,25,49,68,575
Suffolk,1989,2166,103,2437,6211
Sullivan,1989,173,92,149,640
Tioga,1989,14,29,26,249
Tompkins,1989,36,31,38,454
Ulster,1989,142,113,203,808
Unknown-NonNYS,1989,47,1,6,1
Unknown NYC county,1989,13,0,4,2
Warren,1989,23,27,34,579
Washington,1989,27,34,19,499
Wayne,1989,82,44,72,599
Westchester,1989,1955,169,2473,2885
Wyoming,1989,8,35,7,207
Yates,1989,8,13,5,51
Albany,1988,297,138,381,1627
Allegany,1988,1,24,4,198
Bronx,1988,10123,13,6876,1092
Broome,1988,125,109,125,599
Cattaraugus,1988,12,67,21,536
Cayuga,1988,45,12,23,173
Chautauqua,1988,40,100,49,792
Chemung,1988,22,47,18,268
Chenango,1988,2,34,11,320
Clinton,1988,28,31,125,546
Columbia,1988,63,17,52,255
Cortland,1988,16,4,12,356
Delaware,1988,13,19,18,284
Dutchess,1988,202,159,415,1320
Erie,1988,543,312,1254,3429
Essex,1988,10,17,19,254
Franklin,1988,10,33,45,345
Fulton,1988,12,11,5,239
Genesee,1988,15,46,20,336
Greene,1988,27,21,47,305
Hamilton,1988,0,3,2,42
Herkimer,1988,17,36,13,295
Jefferson,1988,32,61,60,591
Kings,1988,8873,20,9289,1549
Lewis,1988,1,17,5,109
Livingston,1988,8,17,11,324
Madison,1988,8,9,11,321
Monroe,1988,550,390,636,1970
Montgomery,1988,50,48,48,391
Nassau,1988,1268,337,1320,4017
New York,1988,14904,39,22519,1195
Niagara,1988,72,47,129,894
Oneida,1988,150,24,58,926
Onondaga,1988,568,153,530,1646
Ontario,1988,55,148,44,655
Orange,1988,540,168,1013,1425
Orleans,1988,10,36,9,159
Oswego,1988,14,26,20,629
Otsego,1988,12,30,25,485
Putnam,1988,73,13,114,514
Queens,1988,5839,25,4377,1574
Rensselaer,1988,123,20,90,902
Richmond,1988,497,1,466,510
Rockland,1988,222,121,396,573
Saratoga,1988,79,50,111,1171
Schenectady,1988,147,77,85,594
Schoharie,1988,12,8,25,183
Schuyler,1988,1,10,3,84
Seneca,1988,8,43,17,222
Steuben,1988,12,55,19,407
St. Lawrence,1988,21,84,84,723
Suffolk,1988,1190,111,2607,7751
Sullivan,1988,159,82,263,578
Tioga,1988,9,65,18,306
Tompkins,1988,40,26,46,422
Ulster,1988,92,120,203,832
Unknown-NonNYS,1988,26,1,0,3
Unknown NYC county,1988,7,0,4,5
Warren,1988,21,29,31,554
Washington,1988,1,36,11,442
Wayne,1988,35,29,50,613
Westchester,1988,1137,181,2640,2609
Wyoming,1988,6,25,6,230
Yates,1988,1,10,3,56
Albany,1987,212,118,277,1629
Allegany,1987,4,22,10,167
Bronx,1987,9464,9,5436,1307
Broome,1987,66,83,176,467
Cattaraugus,1987,48,66,12,503
Cayuga,1987,18,26,21,261
Chautauqua,1987,11,99,33,647
Chemung,1987,13,50,8,273
Chenango,1987,8,22,5,331
Clinton,1987,41,30,95,407
Columbia,1987,16,16,23,268
Cortland,1987,19,1,14,303
Delaware,1987,11,25,13,269
Dutchess,1987,147,139,251,1446
Erie,1987,497,328,1478,3247
Essex,1987,3,17,15,247
Franklin,1987,13,18,45,325
Fulton,1987,23,9,7,221
Genesee,1987,4,56,8,328
Greene,1987,6,31,39,279
Hamilton,1987,3,3,10,29
Herkimer,1987,24,21,29,283
Jefferson,1987,24,57,42,387
Kings,1987,7911,31,8447,1647
Lewis,1987,1,11,4,76
Livingston,1987,11,18,22,415
Madison,1987,16,10,11,324
Monroe,1987,339,427,359,2028
Montgomery,1987,34,32,34,368
Nassau,1987,798,301,1109,3599
New York,1987,11420,15,23504,915
Niagara,1987,126,39,77,1006
Oneida,1987,103,33,64,807
Onondaga,1987,269,139,267,1377
Ontario,1987,27,125,33,664
Orange,1987,336,179,512,1455
Orleans,1987,10,24,10,141
Oswego,1987,24,13,20,465
Otsego,1987,6,27,14,426
Putnam,1987,58,9,154,639
Queens,1987,4220,15,3394,1401
Rensselaer,1987,54,15,56,763
Richmond,1987,500,0,528,558
Rockland,1987,128,88,255,615
Saratoga,1987,49,38,70,1097
Schenectady,1987,78,66,66,525
Schoharie,1987,6,6,17,199
Schuyler,1987,0,15,13,86
Seneca,1987,11,28,26,183
Steuben,1987,16,55,27,401
St. Lawrence,1987,21,64,63,622
Suffolk,1987,806,93,1722,8384
Sullivan,1987,81,78,108,547
Tioga,1987,13,42,6,236
Tompkins,1987,32,13,21,410
Ulster,1987,82,108,150,818
Unknown-NonNYS,1987,28,4,2,5
Unknown NYC county,1987,9,0,3,0
Warren,1987,24,11,30,775
Washington,1987,6,44,11,504
Wayne,1987,27,26,47,593
Westchester,1987,1177,162,2295,2434
Wyoming,1987,0,16,15,213
Yates,1987,1,9,0,51
Albany,1986,168,144,230,1465
Allegany,1986,7,7,2,164
Bronx,1986,6238,11,4170,1216
Broome,1986,83,74,81,582
Cattaraugus,1986,12,66,27,514
Cayuga,1986,17,24,17,251
Chautauqua,1986,7,82,20,722
Chemung,1986,8,52,6,260
Chenango,1986,6,23,16,336
Clinton,1986,21,36,64,383
Columbia,1986,28,16,25,252
Cortland,1986,5,2,9,300
Delaware,1986,5,12,14,205
Dutchess,1986,115,128,178,1195
Erie,1986,372,321,1147,3518
Essex,1986,3,22,17,260
Franklin,1986,12,18,31,350
Fulton,1986,14,9,14,180
Genesee,1986,14,38,12,365
Greene,1986,43,28,60,203
Hamilton,1986,1,0,5,22
Herkimer,1986,10,34,3,274
Jefferson,1986,23,37,34,318
Kings,1986,6209,4,6713,1601
Lewis,1986,4,16,3,74
Livingston,1986,19,19,22,399
Madison,1986,6,19,10,335
Monroe,1986,327,359,299,2112
Montgomery,1986,24,49,49,457
Nassau,1986,654,336,1197,3750
New York,1986,11216,17,23259,1155
Niagara,1986,104,33,86,1067
Oneida,1986,92,44,63,812
Onondaga,1986,237,76,145,1408
Ontario,1986,9,102,30,616
Orange,1986,147,191,329,1315
Orleans,1986,11,13,6,132
Oswego,1986,35,19,44,579
Otsego,1986,18,31,12,399
Putnam,1986,70,7,151,512
Queens,1986,3862,19,2742,1419
Rensselaer,1986,36,42,46,781
Richmond,1986,383,0,384,504
Rockland,1986,120,107,213,658
Saratoga,1986,36,52,75,1116
Schenectady,1986,44,74,47,597
Schoharie,1986,5,4,5,212
Schuyler,1986,1,10,2,86
Seneca,1986,8,26,13,176
Steuben,1986,16,56,21,441
St. Lawrence,1986,18,55,69,692
Suffolk,1986,542,86,1661,7895
Sullivan,1986,41,47,70,486
Tioga,1986,16,40,17,228
Tompkins,1986,20,10,20,378
Ulster,1986,42,81,135,754
Unknown-NonNYS,1986,12,2,0,2
Unknown NYC county,1986,6,0,8,6
Warren,1986,25,12,67,575
Washington,1986,7,42,26,341
Wayne,1986,27,31,47,655
Westchester,1986,695,140,1808,2700
Wyoming,1986,3,16,8,196
Yates,1986,6,9,9,55
Albany,1985,159,159,180,1714
Allegany,1985,6,4,5,141
Bronx,1985,4436,1,4497,1350
Broome,1985,47,84,59,625
Cattaraugus,1985,12,51,15,455
Cayuga,1985,17,28,24,357
Chautauqua,1985,21,65,17,745
Chemung,1985,6,43,7,264
Chenango,1985,2,24,21,343
Clinton,1985,25,30,56,510
Columbia,1985,21,16,23,269
Cortland,1985,13,0,21,466
Delaware,1985,11,7,8,240
Dutchess,1985,82,118,146,1433
Erie,1985,341,282,1085,3579
Essex,1985,3,19,6,270
Franklin,1985,14,12,17,247
Fulton,1985,3,19,6,185
Genesee,1985,1,20,17,353
Greene,1985,12,9,27,190
Hamilton,1985,0,2,1,37
Herkimer,1985,8,28,21,278
Jefferson,1985,11,36,21,401
Kings,1985,4548,10,5626,1997
Lewis,1985,1,13,6,81
Livingston,1985,3,18,14,488
Madison,1985,6,20,1,359
Monroe,1985,147,322,262,2132
Montgomery,1985,17,31,43,299
Nassau,1985,411,247,985,4503
New York,1985,8738,23,19892,1124
Niagara,1985,39,31,66,1119
Oneida,1985,50,31,45,835
Onondaga,1985,243,58,110,1498
Ontario,1985,25,73,24,524
Orange,1985,168,176,216,1131
Orleans,1985,2,28,6,91
Oswego,1985,22,24,14,552
Otsego,1985,4,30,36,475
Putnam,1985,40,4,53,495
Queens,1985,2088,18,2561,1547
Rensselaer,1985,31,23,51,878
Richmond,1985,108,1,399,539
Rockland,1985,115,102,189,991
Saratoga,1985,54,36,63,1280
Schenectady,1985,40,70,26,659
Schoharie,1985,3,10,2,203
Schuyler,1985,2,8,3,79
Seneca,1985,4,26,9,185
Steuben,1985,7,40,12,363
St. Lawrence,1985,23,45,99,635
Suffolk,1985,499,80,1341,8954
Sullivan,1985,19,27,74,527
Tioga,1985,5,37,13,247
Tompkins,1985,22,5,18,381
Ulster,1985,61,48,96,796
Unknown-NonNYS,1985,10,0,1,2
Unknown NYC county,1985,9,0,5,3
Warren,1985,17,5,50,630
Washington,1985,4,42,4,427
Wayne,1985,20,27,54,727
Westchester,1985,443,120,1425,3103
Wyoming,1985,3,22,8,182
Yates,1985,4,15,3,61
Albany,1984,137,116,172,1590
Allegany,1984,3,14,7,181
Bronx,1984,3344,9,3724,1585
Broome,1984,57,97,62,751
Cattaraugus,1984,11,44,24,473
Cayuga,1984,7,21,24,365
Chautauqua,1984,12,72,20,774
Chemung,1984,5,31,4,296
Chenango,1984,11,19,6,344
Clinton,1984,7,26,57,497
Columbia,1984,44,29,27,308
Cortland,1984,2,4,6,440
Delaware,1984,13,13,6,231
Dutchess,1984,80,118,180,1575
Erie,1984,274,245,912,4320
Essex,1984,2,17,8,240
Franklin,1984,9,11,17,247
Fulton,1984,45,13,3,177
Genesee,1984,17,17,5,424
Greene,1984,15,14,8,197
Hamilton,1984,0,0,1,32
Herkimer,1984,4,18,14,276
Jefferson,1984,9,39,27,326
Kings,1984,3534,6,4573,1704
Lewis,1984,2,10,5,82
Livingston,1984,5,26,9,408
Madison,1984,4,12,6,337
Monroe,1984,165,342,251,2750
Montgomery,1984,15,30,25,329
Nassau,1984,449,183,963,4741
New York,1984,10594,17,17317,1136
Niagara,1984,24,31,61,910
Oneida,1984,29,30,52,702
Onondaga,1984,207,70,127,1351
Ontario,1984,18,40,14,445
Orange,1984,147,186,290,1478
Orleans,1984,3,18,5,163
Oswego,1984,18,12,24,669
Otsego,1984,20,20,14,409
Putnam,1984,33,10,47,572
Queens,1984,1615,30,2430,1579
Rensselaer,1984,17,28,45,648
Richmond,1984,88,4,316,621
Rockland,1984,78,98,174,914
Saratoga,1984,22,32,22,1276
Schenectady,1984,37,87,22,802
Schoharie,1984,5,12,10,190
Schuyler,1984,0,16,2,99
Seneca,1984,0,26,6,207
Steuben,1984,3,37,8,357
St. Lawrence,1984,17,69,82,615
Suffolk,1984,392,117,1194,8388
Sullivan,1984,52,48,96,651
Tioga,1984,0,36,10,283
Tompkins,1984,12,7,4,407
Ulster,1984,54,59,119,781
Unknown-NonNYS,1984,11,2,0,1
Unknown NYC county,1984,4,0,2,3
Warren,1984,12,9,15,753
Washington,1984,6,40,16,399
Wayne,1984,16,31,38,833
Westchester,1984,357,130,1307,3073
Wyoming,1984,5,11,19,173
Yates,1984,1,5,1,56
Albany,1983,127,126,132,1827
Allegany,1983,4,26,9,142
Bronx,1983,2610,41,2978,1219
Broome,1983,43,79,56,571
Cattaraugus,1983,18,46,18,386
Cayuga,1983,17,20,4,307
Chautauqua,1983,38,70,24,590
Chemung,1983,16,40,14,355
Chenango,1983,10,21,8,297
Clinton,1983,20,26,83,511
Columbia,1983,35,20,30,364
Cortland,1983,6,12,16,392
Delaware,1983,9,21,18,148
Dutchess,1983,66,114,114,1449
Erie,1983,264,238,885,4358
Essex,1983,4,14,12,173
Franklin,1983,12,21,17,199
Fulton,1983,5,13,4,146
Genesee,1983,8,34,9,480
Greene,1983,10,10,7,168
Hamilton,1983,3,3,0,24
Herkimer,1983,1,19,12,183
Jefferson,1983,15,42,42,330
Kings,1983,2276,91,3485,1034
Lewis,1983,1,7,4,63
Livingston,1983,10,33,14,383
Madison,1983,3,27,8,354
Monroe,1983,164,307,269,2767
Montgomery,1983,13,36,13,261
Nassau,1983,320,153,864,3806
New York,1983,8678,112,13284,816
Niagara,1983,25,55,53,838
Oneida,1983,56,57,55,646
Onondaga,1983,201,91,75,1283
Ontario,1983,3,66,16,453
Orange,1983,185,190,356,1798
Orleans,1983,3,23,29,183
Oswego,1983,32,35,24,449
Otsego,1983,5,21,10,286
Putnam,1983,27,24,57,654
Queens,1983,1514,55,1577,1091
Rensselaer,1983,20,42,32,843
Richmond,1983,75,3,271,355
Rockland,1983,109,77,166,633
Saratoga,1983,44,53,49,1276
Schenectady,1983,37,69,30,758
Schoharie,1983,7,10,6,140
Schuyler,1983,3,14,3,96
Seneca,1983,1,24,4,379
Steuben,1983,13,34,11,307
St. Lawrence,1983,26,71,89,711
Suffolk,1983,526,319,954,8387
Sullivan,1983,29,48,58,744
Tioga,1983,7,34,14,238
Tompkins,1983,15,20,14,444
Ulster,1983,69,69,108,1035
Unknown-NonNYS,1983,10,2,0,1
Unknown NYC county,1983,6,0,9,5
Warren,1983,34,27,38,671
Washington,1983,19,37,12,314
Wayne,1983,9,77,34,1008
Westchester,1983,301,137,943,2617
Wyoming,1983,6,6,7,143
Yates,1983,2,14,3,67
Albany,1982,171,121,170,1760
Allegany,1982,0,16,4,116
Bronx,1982,2321,74,2333,805
Broome,1982,43,72,84,590
Cattaraugus,1982,8,35,33,397
Cayuga,1982,15,16,20,280
Chautauqua,1982,11,72,23,582
Chemung,1982,24,57,8,351
Chenango,1982,3,15,9,190
Clinton,1982,11,29,50,400
Columbia,1982,38,14,22,283
Cortland,1982,7,11,41,406
Delaware,1982,7,7,13,175
Dutchess,1982,110,87,150,1297
Erie,1982,365,174,756,4188
Essex,1982,9,24,21,258
Franklin,1982,9,17,25,222
Fulton,1982,9,19,7,113
Genesee,1982,25,54,54,720
Greene,1982,17,9,25,179
Hamilton,1982,5,2,5,31
Herkimer,1982,12,24,13,216
Jefferson,1982,25,32,29,352
Kings,1982,1989,63,3830,817
Lewis,1982,0,9,2,69
Livingston,1982,6,16,14,255
Madison,1982,17,17,7,335
Monroe,1982,96,265,231,2523
Montgomery,1982,6,25,20,158
Nassau,1982,492,153,887,4091
New York,1982,8111,108,9379,406
Niagara,1982,33,42,59,712
Oneida,1982,26,41,74,630
Onondaga,1982,238,105,123,1112
Ontario,1982,9,45,14,442
Orange,1982,129,142,288,1303
Orleans,1982,2,26,10,200
Oswego,1982,14,29,21,462
Otsego,1982,10,15,14,340
Putnam,1982,34,12,65,744
Queens,1982,1111,77,1828,698
Rensselaer,1982,18,39,22,601
Richmond,1982,55,5,157,205
Rockland,1982,83,42,150,446
Saratoga,1982,35,45,49,989
Schenectady,1982,25,57,12,771
Schoharie,1982,23,5,11,153
Schuyler,1982,0,12,0,64
Seneca,1982,10,32,10,353
Steuben,1982,7,22,4,353
St. Lawrence,1982,38,63,93,785
Suffolk,1982,430,232,725,8217
Sullivan,1982,52,51,93,565
Tioga,1982,13,30,19,238
Tompkins,1982,11,15,15,546
Ulster,1982,50,37,106,695
Unknown-NonNYS,1982,5,1,0,1
Unknown NYC county,1982,73,0,100,8
Warren,1982,12,11,15,326
Washington,1982,3,18,7,242
Wayne,1982,13,56,38,918
Westchester,1982,314,111,956,2381
Wyoming,1982,7,9,7,118
Yates,1982,1,15,5,56
Albany,1981,138,81,187,1449
Allegany,1981,4,11,4,143
Bronx,1981,2014,2,1491,519
Broome,1981,46,54,59,498
Cattaraugus,1981,10,31,37,357
Cayuga,1981,5,12,19,258
Chautauqua,1981,26,44,40,583
Chemung,1981,13,21,14,265
Chenango,1981,7,16,10,167
Clinton,1981,26,20,77,381
Columbia,1981,12,17,15,241
Cortland,1981,18,7,35,303
Delaware,1981,9,13,15,115
Dutchess,1981,60,43,96,1049
Erie,1981,284,143,531,2509
Essex,1981,6,14,45,224
Franklin,1981,9,14,37,341
Fulton,1981,12,4,10,130
Genesee,1981,4,24,9,313
Greene,1981,14,1,12,148
Hamilton,1981,1,1,4,32
Herkimer,1981,7,6,17,171
Jefferson,1981,22,33,42,274
Kings,1981,1852,10,2506,497
Lewis,1981,3,8,7,64
Livingston,1981,12,5,9,265
Madison,1981,13,28,19,320
Monroe,1981,121,277,196,2689
Montgomery,1981,7,16,6,179
Nassau,1981,442,112,870,3256
New York,1981,6387,63,6621,194
Niagara,1981,26,28,61,714
Oneida,1981,63,26,59,540
Onondaga,1981,169,55,132,914
Ontario,1981,14,45,21,372
Orange,1981,56,133,175,1173
Orleans,1981,20,23,11,133
Oswego,1981,16,15,15,350
Otsego,1981,13,12,14,352
Putnam,1981,24,5,56,512
Queens,1981,1233,12,1810,468
Rensselaer,1981,38,48,49,781
Richmond,1981,85,2,150,176
Rockland,1981,73,48,98,419
Saratoga,1981,29,38,54,1017
Schenectady,1981,42,40,25,660
Schoharie,1981,6,8,6,182
Schuyler,1981,3,4,4,34
Seneca,1981,0,36,10,231
Steuben,1981,12,22,12,281
St. Lawrence,1981,17,65,60,687
Suffolk,1981,470,82,484,6227
Sullivan,1981,52,37,92,473
Tioga,1981,8,17,17,204
Tompkins,1981,25,8,12,351
Ulster,1981,32,27,105,620
Unknown-NonNYS,1981,16,0,1,3
Unknown NYC county,1981,133,4,203,11
Warren,1981,7,4,9,309
Washington,1981,3,19,13,201
Wayne,1981,14,35,63,952
Westchester,1981,287,103,849,1863
Wyoming,1981,4,4,4,102
Yates,1981,0,16,8,83
Albany,1980,88,79,222,1632
Allegany,1980,6,4,6,144
Bronx,1980,1391,7,1054,470
Broome,1980,39,51,78,511
Cattaraugus,1980,11,23,25,289
Cayuga,1980,3,6,21,238
Chautauqua,1980,36,40,39,517
Chemung,1980,16,12,4,277
Chenango,1980,9,23,12,220
Clinton,1980,25,22,58,277
Columbia,1980,13,12,28,223
Cortland,1980,19,10,23,326
Delaware,1980,9,10,28,102
Dutchess,1980,46,42,103,881
Erie,1980,254,125,638,2418
Essex,1980,6,23,41,233
Franklin,1980,0,8,22,265
Fulton,1980,3,11,3,143
Genesee,1980,4,22,8,88
Greene,1980,4,8,10,138
Hamilton,1980,0,3,3,28
Herkimer,1980,6,16,13,182
Jefferson,1980,20,49,24,365
Kings,1980,1062,9,1160,614
Lewis,1980,6,9,5,92
Livingston,1980,4,7,9,218
Madison,1980,8,26,8,331
Monroe,1980,151,222,150,2605
Montgomery,1980,3,11,10,147
Nassau,1980,466,92,862,2963
New York,1980,4316,13,5273,255
Niagara,1980,34,17,60,682
Oneida,1980,45,28,31,644
Onondaga,1980,146,70,127,1051
Ontario,1980,10,43,21,334
Orange,1980,107,123,200,1074
Orleans,1980,4,27,3,131
Oswego,1980,18,21,17,336
Otsego,1980,9,12,13,222
Putnam,1980,26,5,39,446
Queens,1980,1300,19,1161,489
Rensselaer,1980,37,32,53,710
Richmond,1980,61,0,89,153
Rockland,1980,83,38,90,432
Saratoga,1980,27,32,65,1121
Schenectady,1980,41,48,36,667
Schoharie,1980,14,7,9,125
Schuyler,1980,4,2,13,25
Seneca,1980,7,18,15,312
Steuben,1980,11,18,8,257
St. Lawrence,1980,32,60,76,536
Suffolk,1980,377,62,424,5614
Sullivan,1980,52,44,74,437
Tioga,1980,11,32,6,172
Tompkins,1980,12,9,18,275
Ulster,1980,45,24,96,557
Unknown-NonNYS,1980,11,0,1,0
Unknown NYC county,1980,189,0,358,15
Warren,1980,26,8,14,382
Washington,1980,3,29,15,256
Wayne,1980,17,28,56,724
Westchester,1980,206,86,750,1617
Wyoming,1980,4,6,8,103
Yates,1980,2,13,2,83
Albany,1979,131,65,198,1805
Allegany,1979,2,3,3,101
Bronx,1979,1310,5,1320,462
Broome,1979,24,58,54,392
Cattaraugus,1979,11,21,14,280
Cayuga,1979,9,4,16,217
Chautauqua,1979,36,77,35,505
Chemung,1979,10,18,16,228
Chenango,1979,2,13,7,188
Clinton,1979,12,27,49,253
Columbia,1979,29,17,40,264
Cortland,1979,7,2,10,251
Delaware,1979,13,8,17,63
Dutchess,1979,67,34,74,612
Erie,1979,227,153,578,2466
Essex,1979,7,25,49,93
Franklin,1979,6,26,23,190
Fulton,1979,6,4,6,129
Genesee,1979,8,23,13,44
Greene,1979,3,9,13,165
Hamilton,1979,0,4,7,14
Herkimer,1979,5,9,8,165
Jefferson,1979,16,42,33,372
Kings,1979,1090,6,1103,720
Lewis,1979,0,7,2,98
Livingston,1979,8,7,14,168
Madison,1979,10,8,12,282
Monroe,1979,161,168,173,2107
Montgomery,1979,8,11,3,136
Nassau,1979,340,95,704,2279
New York,1979,4678,29,4650,314
Niagara,1979,51,27,46,588
Oneida,1979,38,25,30,511
Onondaga,1979,110,114,122,596
Ontario,1979,28,29,19,256
Orange,1979,57,120,138,968
Orleans,1979,1,18,7,93
Oswego,1979,14,11,20,408
Otsego,1979,6,13,12,183
Putnam,1979,10,4,37,324
Queens,1979,1093,20,1051,561
Rensselaer,1979,36,21,36,532
Richmond,1979,66,0,111,135
Rockland,1979,77,27,63,290
Saratoga,1979,37,30,48,1037
Schenectady,1979,25,24,19,490
Schoharie,1979,2,1,6,110
Schuyler,1979,8,6,6,37
Seneca,1979,3,32,13,305
Steuben,1979,16,16,15,241
St. Lawrence,1979,34,58,83,374
Suffolk,1979,320,36,316,4732
Sullivan,1979,47,30,73,322
Tioga,1979,2,15,12,197
Tompkins,1979,5,11,22,345
Ulster,1979,47,20,62,545
Unknown-NonNYS,1979,10,2,1,1
Unknown NYC county,1979,62,0,53,5
Warren,1979,18,2,21,425
Washington,1979,15,16,9,186
Wayne,1979,7,21,30,569
Westchester,1979,198,97,497,1421
Wyoming,1979,8,3,12,59
Yates,1979,0,11,1,63
Albany,1978,71,58,132,1505
Allegany,1978,0,2,3,88
Bronx,1978,1045,5,1157,474
Broome,1978,28,35,48,336
Cattaraugus,1978,10,25,28,337
Cayuga,1978,10,4,15,196
Chautauqua,1978,13,48,32,472
Chemung,1978,9,13,14,173
Chenango,1978,3,7,6,151
Clinton,1978,26,17,65,18
Columbia,1978,16,13,28,237
Cortland,1978,4,5,19,177
Delaware,1978,24,7,30,42
Dutchess,1978,34,34,80,642
Erie,1978,349,124,703,2881
Essex,1978,12,10,23,145
Franklin,1978,10,32,36,175
Fulton,1978,8,8,12,119
Genesee,1978,7,18,9,28
Greene,1978,2,7,9,212
Hamilton,1978,1,0,2,20
Herkimer,1978,2,9,7,138
Jefferson,1978,19,24,47,333
Kings,1978,1099,17,1177,752
Lewis,1978,2,4,0,60
Livingston,1978,5,4,2,111
Madison,1978,14,20,9,179
Monroe,1978,155,101,134,1487
Montgomery,1978,20,17,20,166
Nassau,1978,273,57,639,2433
New York,1978,4500,25,5307,471
Niagara,1978,46,22,50,551
Oneida,1978,35,36,33,446
Onondaga,1978,96,61,95,567
Ontario,1978,22,20,20,223
Orange,1978,65,100,117,758
Orleans,1978,1,21,3,121
Oswego,1978,14,17,32,411
Otsego,1978,6,8,4,99
Putnam,1978,15,10,18,315
Queens,1978,715,3,889,536
Rensselaer,1978,35,32,58,583
Richmond,1978,59,1,83,150
Rockland,1978,104,24,51,272
Saratoga,1978,31,16,29,927
Schenectady,1978,7,18,11,348
Schoharie,1978,5,3,17,86
Schuyler,1978,5,2,7,34
Seneca,1978,7,15,11,271
Steuben,1978,12,23,18,166
St. Lawrence,1978,25,44,93,438
Suffolk,1978,333,59,401,5058
Sullivan,1978,30,29,45,362
Tioga,1978,1,7,5,127
Tompkins,1978,7,10,10,315
Ulster,1978,47,14,57,408
Unknown-NonNYS,1978,17,1,0,0
Unknown NYC county,1978,18,0,39,6
Warren,1978,19,6,16,347
Washington,1978,1,11,12,215
Wayne,1978,5,17,17,626
Westchester,1978,161,88,375,1353
Wyoming,1978,5,2,5,53
Yates,1978,1,7,1,51
Albany,1977,106,45,224,832
Allegany,1977,8,1,5,71
Bronx,1977,1058,5,882,508
Broome,1977,51,34,146,290
Cattaraugus,1977,11,13,82,233
Cayuga,1977,12,3,26,157
Chautauqua,1977,32,23,46,342
Chemung,1977,30,10,24,157
Chenango,1977,7,13,15,108
Clinton,1977,77,20,179,11
Columbia,1977,16,11,34,142
Cortland,1977,10,0,38,176
Delaware,1977,16,5,16,24
Dutchess,1977,91,47,150,411
Erie,1977,372,153,634,1964
Essex,1977,26,10,100,126
Franklin,1977,9,5,55,134
Fulton,1977,6,13,21,105
Genesee,1977,6,10,29,40
Greene,1977,16,6,49,166
Hamilton,1977,5,4,15,18
Herkimer,1977,17,9,21,97
Jefferson,1977,56,21,73,162
Kings,1977,1656,30,1896,911
Lewis,1977,3,4,2,18
Livingston,1977,1,7,21,69
Madison,1977,11,7,19,115
Monroe,1977,266,64,220,1072
Montgomery,1977,14,13,25,116
Nassau,1977,497,59,628,2418
New York,1977,6033,20,6249,450
Niagara,1977,82,18,80,294
Oneida,1977,49,24,35,271
Onondaga,1977,155,44,176,610
Ontario,1977,13,24,38,216
Orange,1977,105,82,136,727
Orleans,1977,8,12,11,109
Oswego,1977,24,8,46,203
Otsego,1977,9,8,33,72
Putnam,1977,23,8,46,247
Queens,1977,851,5,596,572
Rensselaer,1977,39,23,55,350
Richmond,1977,55,2,88,127
Rockland,1977,107,15,94,315
Saratoga,1977,36,21,112,880
Schenectady,1977,15,9,43,178
Schoharie,1977,6,2,16,89
Schuyler,1977,1,1,10,26
Seneca,1977,12,11,40,218
Steuben,1977,20,12,21,170
St. Lawrence,1977,69,33,156,441
Suffolk,1977,533,38,373,3328
Sullivan,1977,47,17,68,349
Tioga,1977,3,8,45,126
Tompkins,1977,26,10,31,347
Ulster,1977,61,14,95,387
Unknown-NonNYS,1977,24,2,3,0
Unknown NYC county,1977,40,0,69,7
Warren,1977,35,9,41,249
Washington,1977,22,15,26,180
Wayne,1977,18,14,57,530
Westchester,1977,273,82,610,1134
Wyoming,1977,3,5,11,63
Yates,1977,3,3,14,29
Albany,1976,165,26,295,565
Allegany,1976,11,1,22,57
Bronx,1976,1545,2,1214,753
Broome,1976,79,27,155,355
Cattaraugus,1976,26,13,164,212
Cayuga,1976,28,1,46,149
Chautauqua,1976,71,29,133,302
Chemung,1976,45,5,54,224
Chenango,1976,28,3,36,93
Clinton,1976,209,7,425,16
Columbia,1976,38,5,85,158
Cortland,1976,35,4,72,219
Delaware,1976,20,4,24,32
Dutchess,1976,148,25,214,425
Erie,1976,760,101,1155,2708
Essex,1976,58,7,146,223
Franklin,1976,32,5,93,105
Fulton,1976,11,5,36,88
Genesee,1976,20,9,75,42
Greene,1976,22,9,55,171
Hamilton,1976,11,1,14,14
Herkimer,1976,47,4,43,81
Jefferson,1976,109,13,93,118
Kings,1976,1771,18,2221,935
Lewis,1976,9,1,19,12
Livingston,1976,18,2,58,98
Madison,1976,20,5,37,77
Monroe,1976,358,68,451,892
Montgomery,1976,10,4,40,99
Nassau,1976,537,62,845,2833
New York,1976,5293,22,4745,464
Niagara,1976,148,11,127,349
Oneida,1976,55,38,80,310
Onondaga,1976,256,39,341,501
Ontario,1976,33,14,68,192
Orange,1976,167,68,289,723
Orleans,1976,16,8,30,118
Oswego,1976,44,6,96,135
Otsego,1976,31,5,65,81
Putnam,1976,53,10,123,311
Queens,1976,849,4,738,731
Rensselaer,1976,64,13,95,197
Richmond,1976,61,2,126,136
Rockland,1976,119,16,141,274
Saratoga,1976,65,12,143,761
Schenectady,1976,27,1,43,119
Schoharie,1976,14,2,29,57
Schuyler,1976,10,1,36,55
Seneca,1976,9,6,55,201
Steuben,1976,23,12,57,129
St. Lawrence,1976,132,39,253,456
Suffolk,1976,569,39,590,2970
Sullivan,1976,51,15,92,296
Tioga,1976,14,1,79,106
Tompkins,1976,41,9,64,286
Ulster,1976,70,23,138,356
Unknown-NonNYS,1976,19,0,2,3
Unknown NYC county,1976,43,0,36,3
Warren,1976,23,4,64,225
Washington,1976,17,4,32,145
Wayne,1976,54,8,91,561
Westchester,1976,405,65,785,956
Wyoming,1976,19,1,13,67
Yates,1976,6,10,16,45
Albany,1975,179,12,327,453
Allegany,1975,17,0,39,132
Bronx,1975,1237,0,1312,1083
Broome,1975,104,24,159,326
Cattaraugus,1975,34,11,209,255
Cayuga,1975,13,3,52,158
Chautauqua,1975,85,27,182,381
Chemung,1975,41,7,67,134
Chenango,1975,24,2,25,102
Clinton,1975,202,7,422,12
Columbia,1975,38,6,81,168
Cortland,1975,26,0,78,127
Delaware,1975,33,8,46,38
Dutchess,1975,111,18,204,294
Erie,1975,997,56,1136,1640
Essex,1975,29,8,136,278
Franklin,1975,35,11,110,126
Fulton,1975,20,3,39,79
Genesee,1975,46,4,84,57
Greene,1975,19,11,88,125
Hamilton,1975,11,0,36,20
Herkimer,1975,33,4,47,70
Jefferson,1975,56,9,155,129
Kings,1975,1436,6,1541,1110
Lewis,1975,13,0,12,11
Livingston,1975,14,3,49,150
Madison,1975,21,4,39,55
Monroe,1975,441,37,437,643
Montgomery,1975,29,6,37,107
Nassau,1975,604,95,941,3788
New York,1975,3526,5,3947,632
Niagara,1975,183,15,163,430
Oneida,1975,118,16,108,219
Onondaga,1975,249,43,375,674
Ontario,1975,27,2,72,176
Orange,1975,310,58,406,803
Orleans,1975,11,7,27,93
Oswego,1975,19,9,115,127
Otsego,1975,24,5,49,99
Putnam,1975,28,7,88,227
Queens,1975,590,3,777,803
Rensselaer,1975,58,4,106,73
Richmond,1975,58,0,102,169
Rockland,1975,99,9,125,344
Saratoga,1975,56,5,110,583
Schenectady,1975,58,1,113,107
Schoharie,1975,19,1,44,76
Schuyler,1975,2,2,44,41
Seneca,1975,16,3,70,121
Steuben,1975,30,4,62,93
St. Lawrence,1975,142,19,223,229
Suffolk,1975,601,30,677,3737
Sullivan,1975,64,13,70,340
Tioga,1975,23,4,63,70
Tompkins,1975,36,2,90,197
Ulster,1975,89,22,140,391
Unknown-NonNYS,1975,22,1,0,2
Unknown NYC county,1975,26,0,20,2
Warren,1975,64,3,73,270
Washington,1975,30,3,49,124
Wayne,1975,38,3,101,354
Westchester,1975,376,69,740,1148
Wyoming,1975,10,1,23,93
Yates,1975,4,14,18,25
Albany,1974,224,17,354,610
Allegany,1974,23,6,33,142
Bronx,1974,1149,2,1189,1093
Broome,1974,95,13,279,237
Cattaraugus,1974,39,7,293,352
Cayuga,1974,13,5,72,133
Chautauqua,1974,215,28,275,534
Chemung,1974,69,1,147,99
Chenango,1974,19,4,45,110
Clinton,1974,213,8,371,52
Columbia,1974,22,6,81,67
Cortland,1974,14,0,57,23
Delaware,1974,21,5,58,39
Dutchess,1974,181,14,202,260
Erie,1974,1098,37,1249,1410
Essex,1974,33,4,84,186
Franklin,1974,33,8,109,143
Fulton,1974,27,6,36,62
Genesee,1974,32,11,86,118
Greene,1974,41,1,55,107
Hamilton,1974,10,0,26,21
Herkimer,1974,23,4,50,44
Jefferson,1974,139,10,186,108
Kings,1974,1367,13,1456,1359
Lewis,1974,8,1,12,11
Livingston,1974,34,2,80,126
Madison,1974,30,2,88,12
Monroe,1974,488,34,601,774
Montgomery,1974,33,0,34,65
Nassau,1974,943,74,1394,4345
New York,1974,3494,22,3705,938
Niagara,1974,224,7,171,440
Oneida,1974,92,12,145,157
Onondaga,1974,322,38,420,795
Ontario,1974,52,4,95,215
Orange,1974,215,53,312,807
Orleans,1974,18,3,28,101
Oswego,1974,37,5,77,145
Otsego,1974,43,3,65,114
Putnam,1974,39,6,92,217
Queens,1974,738,8,787,956
Rensselaer,1974,80,3,121,84
Richmond,1974,74,0,134,174
Rockland,1974,116,11,181,293
Saratoga,1974,39,10,111,503
Schenectady,1974,76,4,116,169
Schoharie,1974,27,1,87,57
Schuyler,1974,10,1,65,36
Seneca,1974,16,1,77,128
Steuben,1974,23,4,95,44
St. Lawrence,1974,104,17,197,162
Suffolk,1974,796,35,780,3925
Sullivan,1974,53,10,115,336
Tioga,1974,17,4,78,76
Tompkins,1974,74,6,127,196
Ulster,1974,109,5,149,363
Unknown-NonNYS,1974,33,1,2,1
Unknown NYC county,1974,24,0,10,7
Warren,1974,48,6,57,248
Washington,1974,33,4,42,120
Wayne,1974,26,11,66,340
Westchester,1974,512,61,831,1176
Wyoming,1974,4,4,32,83
Yates,1974,13,13,27,40
Albany,1973,213,28,298,491
Allegany,1973,16,5,20,119
Bronx,1973,1024,4,957,767
Broome,1973,62,17,314,233
Cattaraugus,1973,20,6,292,331
Cayuga,1973,43,5,50,186
Chautauqua,1973,123,21,244,509
Chemung,1973,57,8,116,132
Chenango,1973,18,1,35,117
Clinton,1973,57,3,97,84
Columbia,1973,46,4,71,88
Cortland,1973,34,0,66,42
Delaware,1973,34,2,105,25
Dutchess,1973,141,17,284,282
Erie,1973,691,27,1358,1677
Essex,1973,32,7,56,165
Franklin,1973,21,7,78,164
Fulton,1973,8,5,16,23
Genesee,1973,79,3,175,98
Greene,1973,25,0,62,119
Hamilton,1973,9,0,51,11
Herkimer,1973,23,0,32,80
Jefferson,1973,152,4,191,186
Kings,1973,1318,25,1297,1624
Lewis,1973,2,0,17,23
Livingston,1973,39,7,124,149
Madison,1973,18,4,64,29
Monroe,1973,301,33,556,863
Montgomery,1973,16,1,16,42
Nassau,1973,1159,75,1287,4336
New York,1973,3279,9,3506,1023
Niagara,1973,246,3,200,363
Oneida,1973,112,5,142,195
Onondaga,1973,349,23,371,786
Ontario,1973,31,1,117,234
Orange,1973,137,28,298,561
Orleans,1973,11,3,27,74
Oswego,1973,44,6,77,127
Otsego,1973,31,6,49,105
Putnam,1973,51,6,106,178
Queens,1973,708,10,653,780
Rensselaer,1973,75,7,254,65
Richmond,1973,118,1,192,216
Rockland,1973,120,4,203,283
Saratoga,1973,51,4,80,386
Schenectady,1973,82,2,95,167
Schoharie,1973,22,1,34,22
Schuyler,1973,14,4,104,29
Seneca,1973,26,4,90,112
Steuben,1973,26,4,96,87
St. Lawrence,1973,45,10,97,169
Suffolk,1973,775,31,1094,3592
Sullivan,1973,76,5,100,373
Tioga,1973,12,1,122,44
Tompkins,1973,53,4,131,197
Ulster,1973,119,7,171,262
Unknown-NonNYS,1973,27,0,3,0
Unknown NYC county,1973,29,0,20,14
Warren,1973,70,2,89,242
Washington,1973,30,3,67,70
Wayne,1973,30,14,72,299
Westchester,1973,406,41,818,907
Wyoming,1973,17,0,26,112
Yates,1973,10,1,17,56
Albany,1972,181,8,251,295
Allegany,1972,6,2,23,98
Bronx,1972,1766,11,1438,610
Broome,1972,79,17,219,160
Cattaraugus,1972,50,13,123,283
Cayuga,1972,27,1,41,122
Chautauqua,1972,105,24,190,317
Chemung,1972,47,1,55,136
Chenango,1972,6,1,14,90
Clinton,1972,64,3,76,226
Columbia,1972,22,2,20,60
Cortland,1972,18,3,54,54
Delaware,1972,18,2,38,33
Dutchess,1972,129,11,174,241
Erie,1972,721,24,1642,1549
Essex,1972,15,5,28,145
Franklin,1972,16,10,36,200
Fulton,1972,7,1,10,26
Genesee,1972,59,6,96,104
Greene,1972,28,2,59,35
Hamilton,1972,8,0,47,16
Herkimer,1972,4,0,14,47
Jefferson,1972,133,9,225,146
Kings,1972,2530,38,2507,1889
Lewis,1972,2,0,3,15
Livingston,1972,35,1,109,156
Madison,1972,27,5,68,81
Monroe,1972,382,18,513,832
Montgomery,1972,18,1,33,34
Nassau,1972,974,70,1089,3295
New York,1972,4116,23,5557,991
Niagara,1972,110,5,140,184
Oneida,1972,47,5,81,232
Onondaga,1972,289,16,380,717
Ontario,1972,51,2,63,146
Orange,1972,196,20,257,288
Orleans,1972,9,3,16,38
Oswego,1972,15,8,57,113
Otsego,1972,26,3,26,98
Putnam,1972,31,7,84,190
Queens,1972,1077,6,1069,705
Rensselaer,1972,115,6,170,55
Richmond,1972,143,2,103,97
Rockland,1972,148,6,210,187
Saratoga,1972,43,1,117,236
Schenectady,1972,44,6,53,150
Schoharie,1972,4,1,5,29
Schuyler,1972,12,4,35,18
Seneca,1972,12,4,71,86
Steuben,1972,27,5,60,183
St. Lawrence,1972,43,9,92,150
Suffolk,1972,753,44,1215,2742
Sullivan,1972,70,6,101,229
Tioga,1972,9,0,11,36
Tompkins,1972,24,5,69,204
Ulster,1972,82,5,176,143
Unknown-NonNYS,1972,19,0,1,0
Unknown NYC county,1972,19,0,12,4
Warren,1972,29,1,52,126
Washington,1972,19,2,30,74
Wayne,1972,20,17,55,244
Westchester,1972,387,24,919,599
Wyoming,1972,2,4,47,71
Yates,1972,4,1,1,14
Albany,1971,119,6,179,111
Allegany,1971,26,3,13,26
Bronx,1971,3674,7,3225,430
Broome,1971,79,10,127,121
Cattaraugus,1971,13,5,100,104
Cayuga,1971,15,0,51,48
Chautauqua,1971,117,6,116,97
Chemung,1971,44,5,35,38
Chenango,1971,5,3,9,33
Clinton,1971,16,2,120,59
Columbia,1971,9,0,24,14
Cortland,1971,4,2,25,56
Delaware,1971,7,5,55,10
Dutchess,1971,159,9,240,124
Erie,1971,475,17,1114,975
Essex,1971,30,6,51,42
Franklin,1971,39,7,30,43
Fulton,1971,24,1,10,6
Genesee,1971,22,5,60,35
Greene,1971,27,4,48,1
Hamilton,1971,3,0,27,6
Herkimer,1971,23,2,40,36
Jefferson,1971,30,3,83,36
Kings,1971,4131,35,3982,1043
Lewis,1971,7,0,1,5
Livingston,1971,22,8,62,65
Madison,1971,19,1,23,27
Monroe,1971,241,25,387,575
Montgomery,1971,14,0,12,15
Nassau,1971,766,33,1250,2040
New York,1971,7537,11,6872,490
Niagara,1971,169,6,138,222
Oneida,1971,71,5,133,114
Onondaga,1971,172,17,262,193
Ontario,1971,19,2,29,51
Orange,1971,168,15,353,114
Orleans,1971,15,4,24,14
Oswego,1971,29,4,37,36
Otsego,1971,29,5,11,41
Putnam,1971,42,7,98,159
Queens,1971,1710,15,1763,555
Rensselaer,1971,35,1,177,39
Richmond,1971,202,1,177,67
Rockland,1971,173,7,210,76
Saratoga,1971,28,1,102,54
Schenectady,1971,85,3,51,27
Schoharie,1971,2,0,6,1
Schuyler,1971,4,3,11,20
Seneca,1971,9,3,24,76
Steuben,1971,26,0,97,96
St. Lawrence,1971,33,14,45,37
Suffolk,1971,645,40,1010,1591
Sullivan,1971,69,7,57,31
Tioga,1971,5,0,5,6
Tompkins,1971,28,3,19,43
Ulster,1971,85,2,206,10
Unknown-NonNYS,1971,25,1,3,0
Unknown NYC county,1971,158,0,226,14
Warren,1971,83,4,38,46
Washington,1971,14,0,22,17
Wayne,1971,47,2,50,80
Westchester,1971,512,22,846,376
Wyoming,1971,1,2,9,18
Yates,1971,7,0,7,8
Albany,1970,90,4,179,47
Allegany,1970,3,0,12,0
Bronx,1970,4752,6,4532,472
Broome,1970,28,8,70,113
Cattaraugus,1970,9,1,33,6
Cayuga,1970,12,0,21,10
Chautauqua,1970,49,9,72,7
Chemung,1970,25,5,33,2
Chenango,1970,2,3,9,4
Clinton,1970,78,0,105,2
Columbia,1970,17,1,35,1
Cortland,1970,11,0,11,0
Delaware,1970,7,2,42,0
Dutchess,1970,66,10,149,56
Erie,1970,485,20,1014,705
Essex,1970,17,2,39,0
Franklin,1970,15,1,16,0
Fulton,1970,2,3,3,0
Genesee,1970,10,6,20,1
Greene,1970,13,0,43,0
Hamilton,1970,12,0,6,0
Herkimer,1970,11,0,14,18
Jefferson,1970,28,9,167,8
Kings,1970,5504,35,5060,1002
Lewis,1970,0,0,4,1
Livingston,1970,12,2,59,0
Madison,1970,10,1,4,0
Monroe,1970,232,18,344,303
Montgomery,1970,9,3,20,0
Nassau,1970,743,21,1561,1436
New York,1970,9956,15,7671,512
Niagara,1970,87,2,222,162
Oneida,1970,57,1,32,59
Onondaga,1970,201,2,171,2
Ontario,1970,12,1,29,5
Orange,1970,215,8,306,46
Orleans,1970,1,1,10,4
Oswego,1970,10,1,11,1
Otsego,1970,8,0,5,0
Putnam,1970,28,1,69,108
Queens,1970,1785,13,1957,460
Rensselaer,1970,68,0,77,0
Richmond,1970,189,0,221,71
Rockland,1970,93,4,143,47
Saratoga,1970,36,2,24,0
Schenectady,1970,17,2,45,14
Schoharie,1970,12,0,7,0
Schuyler,1970,9,4,17,14
Seneca,1970,1,3,36,53
Steuben,1970,19,5,53,38
St. Lawrence,1970,29,7,71,4
Suffolk,1970,571,13,679,655
Sullivan,1970,51,1,90,26
Tioga,1970,9,0,4,3
Tompkins,1970,17,4,21,1
Ulster,1970,84,2,194,1
Unknown-NonNYS,1970,27,0,4,0
Unknown NYC county,1970,119,0,169,7
Warren,1970,13,0,55,0
Washington,1970,8,1,5,1
Wayne,1970,27,2,23,37
Westchester,1970,446,15,1062,197
Wyoming,1970,8,0,11,16
Yates,1970,1,1,2,5
